search_idx,iteration,mean_test_score,std_test_score,mean_train_score,std_train_score,params,colsample_bytree,gamma,learning_rate,max_depth,min_child_weight,n_estimators,reg_alpha,reg_lambda,subsample
0,0,0.35344289426939823,0.021796616595537055,0.9930938858855273,0.001049581318028462,"{'colsample_bytree': np.float64(0.30165462191330844), 'gamma': np.float64(0.23906797632465168), 'learning_rate': np.float64(2.1809608639104567), 'max_depth': 32, 'min_child_weight': 7, 'n_estimators': 141, 'reg_alpha': np.float64(2.972553545850475), 'reg_lambda': np.float64(2.8063270417943293), 'subsample': np.float64(0.8918133682202798)}",0.30165462191330844,0.23906797632465168,2.1809608639104567,32,7,141,2.972553545850475,2.8063270417943293,0.8918133682202798
0,1,0.3558630394737011,0.020889264502679403,0.9946893878115937,0.0015837637122069939,"{'colsample_bytree': np.float64(0.5472649172489358), 'gamma': np.float64(0.17888019047601106), 'learning_rate': np.float64(1.3944362526993048), 'max_depth': 31, 'min_child_weight': 12, 'n_estimators': 152, 'reg_alpha': np.float64(2.412033047975761), 'reg_lambda': np.float64(2.5182576664898035), 'subsample': np.float64(0.4664996878384179)}",0.5472649172489358,0.17888019047601106,1.3944362526993048,31,12,152,2.412033047975761,2.5182576664898035,0.4664996878384179
0,2,0.4395691227231655,0.016602549902179898,0.9842604072466938,0.002872181328311408,"{'colsample_bytree': np.float64(0.5353764929244422), 'gamma': np.float64(0.7725637385575413), 'learning_rate': np.float64(0.7388769242636961), 'max_depth': 39, 'min_child_weight': 11, 'n_estimators': 233, 'reg_alpha': np.float64(2.621766640170792), 'reg_lambda': np.float64(2.3485393910162835), 'subsample': np.float64(0.8103815035454902)}",0.5353764929244422,0.7725637385575413,0.7388769242636961,39,11,233,2.621766640170792,2.3485393910162835,0.8103815035454902
0,3,0.34094882494844236,0.023314468190608506,0.9838686635462525,0.0030669470337982164,"{'colsample_bytree': np.float64(0.30948212914822165), 'gamma': np.float64(0.4742966606511052), 'learning_rate': np.float64(2.1378809688160647), 'max_depth': 10, 'min_child_weight': 12, 'n_estimators': 100, 'reg_alpha': np.float64(2.1105665338724444), 'reg_lambda': np.float64(3.416491970585546), 'subsample': np.float64(0.5197443005003093)}",0.30948212914822165,0.4742966606511052,2.1378809688160647,10,12,100,2.1105665338724444,3.416491970585546,0.5197443005003093
0,4,0.43934115731678036,0.021494872252407458,0.9924611160488702,0.0019199168255572513,"{'colsample_bytree': np.float64(0.6734363314440535), 'gamma': np.float64(0.5825703729588887), 'learning_rate': np.float64(0.7408560596074099), 'max_depth': 21, 'min_child_weight': 7, 'n_estimators': 113, 'reg_alpha': np.float64(2.8232375997140267), 'reg_lambda': np.float64(3.4099051477923306), 'subsample': np.float64(0.8815859258192154)}",0.6734363314440535,0.5825703729588887,0.7408560596074099,21,7,113,2.8232375997140267,3.4099051477923306,0.8815859258192154
1,0,0.3745498439412517,0.011698488371486857,0.9820858911828798,0.0024628772519107974,"{'colsample_bytree': np.float64(0.531964086104411), 'gamma': np.float64(0.8177318450796214), 'learning_rate': np.float64(1.895251882902492), 'max_depth': 17, 'min_child_weight': 11, 'n_estimators': 130, 'reg_alpha': np.float64(2.193348009915638), 'reg_lambda': np.float64(2.2134795296701313), 'subsample': np.float64(0.7839414364376567)}",0.531964086104411,0.8177318450796214,1.895251882902492,17,11,130,2.193348009915638,2.2134795296701313,0.7839414364376567
1,1,0.3602382640718971,0.022747617168151445,0.9741835590794844,0.003162566696895099,"{'colsample_bytree': np.float64(0.4838468567168254), 'gamma': np.float64(0.5625285277108429), 'learning_rate': np.float64(1.2695993077829377), 'max_depth': 12, 'min_child_weight': 17, 'n_estimators': 139, 'reg_alpha': np.float64(2.626853528210958), 'reg_lambda': np.float64(2.325714718022588), 'subsample': np.float64(0.5113700797560154)}",0.4838468567168254,0.5625285277108429,1.2695993077829377,12,17,139,2.626853528210958,2.325714718022588,0.5113700797560154
1,2,0.38517076213930707,0.03162770749731563,0.9986360823000624,0.0008947119022477485,"{'colsample_bytree': np.float64(0.4693769854511275), 'gamma': np.float64(0.21588096375368013), 'learning_rate': np.float64(1.4755010716790669), 'max_depth': 30, 'min_child_weight': 18, 'n_estimators': 122, 'reg_alpha': np.float64(1.9117831940224885), 'reg_lambda': np.float64(2.3761928080551873), 'subsample': np.float64(0.6956039797689211)}",0.4693769854511275,0.21588096375368013,1.4755010716790669,30,18,122,1.9117831940224885,2.3761928080551873,0.6956039797689211
1,3,0.36946065892504504,0.025132184733194247,0.9966268798284201,0.001608152800048559,"{'colsample_bytree': np.float64(0.5179136826783061), 'gamma': np.float64(0.4864158804633746), 'learning_rate': np.float64(1.5873516404031565), 'max_depth': 7, 'min_child_weight': 7, 'n_estimators': 215, 'reg_alpha': np.float64(1.825609727220832), 'reg_lambda': np.float64(2.9403782448093247), 'subsample': np.float64(0.6017355407307605)}",0.5179136826783061,0.4864158804633746,1.5873516404031565,7,7,215,1.825609727220832,2.9403782448093247,0.6017355407307605
1,4,0.3550223827083293,0.02200126429255521,0.9822010837158095,0.0019359255746923178,"{'colsample_bytree': np.float64(0.5534006129398629), 'gamma': np.float64(0.8295430312816018), 'learning_rate': np.float64(1.5452589869437179), 'max_depth': 29, 'min_child_weight': 11, 'n_estimators': 206, 'reg_alpha': np.float64(2.16386514806729), 'reg_lambda': np.float64(2.5454886688170357), 'subsample': np.float64(0.5509045083256697)}",0.5534006129398629,0.8295430312816018,1.5452589869437179,29,11,206,2.16386514806729,2.5454886688170357,0.5509045083256697
2,0,0.3568632105113564,0.029430983220017408,0.9964682053602131,0.0017176652077164035,"{'colsample_bytree': np.float64(0.46796908678359694), 'gamma': np.float64(0.23558963888941156), 'learning_rate': np.float64(1.8602218808426372), 'max_depth': 39, 'min_child_weight': 19, 'n_estimators': 165, 'reg_alpha': np.float64(2.1725838297972215), 'reg_lambda': np.float64(4.140176099479445), 'subsample': np.float64(0.6981318860770502)}",0.46796908678359694,0.23558963888941156,1.8602218808426372,39,19,165,2.1725838297972215,4.140176099479445,0.6981318860770502
2,1,0.345317567932476,0.012502870784694352,0.9965681333755082,0.0009868984434115572,"{'colsample_bytree': np.float64(0.6082741230131874), 'gamma': np.float64(0.2869027727904092), 'learning_rate': np.float64(1.8762257841321883), 'max_depth': 22, 'min_child_weight': 8, 'n_estimators': 181, 'reg_alpha': np.float64(1.8015329824480015), 'reg_lambda': np.float64(2.2479678045581277), 'subsample': np.float64(0.46636660143965597)}",0.6082741230131874,0.2869027727904092,1.8762257841321883,22,8,181,1.8015329824480015,2.2479678045581277,0.46636660143965597
2,2,0.32666753705138873,0.021284698015559385,0.9867974512945474,0.0021308115696056637,"{'colsample_bytree': np.float64(0.4416961481011741), 'gamma': np.float64(0.2145148543021811), 'learning_rate': np.float64(2.1803785236536948), 'max_depth': 14, 'min_child_weight': 10, 'n_estimators': 128, 'reg_alpha': np.float64(2.8032042485528597), 'reg_lambda': np.float64(2.4054525039482493), 'subsample': np.float64(0.5039165149419578)}",0.4416961481011741,0.2145148543021811,2.1803785236536948,14,10,128,2.8032042485528597,2.4054525039482493,0.5039165149419578
2,3,0.4218656854581826,0.027218318648958472,0.9931437016086839,0.0011701671399113832,"{'colsample_bytree': np.float64(0.3892107904019563), 'gamma': np.float64(0.464528762413997), 'learning_rate': np.float64(1.404366789964102), 'max_depth': 27, 'min_child_weight': 16, 'n_estimators': 168, 'reg_alpha': np.float64(2.2205828331765547), 'reg_lambda': np.float64(3.2857582935111798), 'subsample': np.float64(0.7750126970439146)}",0.3892107904019563,0.464528762413997,1.404366789964102,27,16,168,2.2205828331765547,3.2857582935111798,0.7750126970439146
2,4,0.45927487220640845,0.047682714253320164,0.9972899169303959,0.0012854670123612656,"{'colsample_bytree': np.float64(0.3589874495081613), 'gamma': np.float64(0.5165966584378394), 'learning_rate': np.float64(0.7944479842484717), 'max_depth': 17, 'min_child_weight': 8, 'n_estimators': 156, 'reg_alpha': np.float64(1.8070260693157083), 'reg_lambda': np.float64(3.755505867313407), 'subsample': np.float64(0.6452501259807593)}",0.3589874495081613,0.5165966584378394,0.7944479842484717,17,8,156,1.8070260693157083,3.755505867313407,0.6452501259807593
3,0,0.38003405741700325,0.025672593706248324,0.9862958656260565,0.003012665616581618,"{'colsample_bytree': np.float64(0.3140564599841037), 'gamma': np.float64(0.7978265108127646), 'learning_rate': np.float64(1.6811008543641524), 'max_depth': 38, 'min_child_weight': 8, 'n_estimators': 178, 'reg_alpha': np.float64(2.0987928955094852), 'reg_lambda': np.float64(3.8622597980817357), 'subsample': np.float64(0.7241006533491439)}",0.3140564599841037,0.7978265108127646,1.6811008543641524,38,8,178,2.0987928955094852,3.8622597980817357,0.7241006533491439
3,1,0.37850701780512164,0.028906933727872564,0.9897505668878267,0.0019142654802064638,"{'colsample_bytree': np.float64(0.6230468458938421), 'gamma': np.float64(0.679906297038898), 'learning_rate': np.float64(1.351239439809379), 'max_depth': 27, 'min_child_weight': 10, 'n_estimators': 170, 'reg_alpha': np.float64(1.8062927679546759), 'reg_lambda': np.float64(3.0910722044835612), 'subsample': np.float64(0.48263275914848003)}",0.6230468458938421,0.679906297038898,1.351239439809379,27,10,170,1.8062927679546759,3.0910722044835612,0.48263275914848003
3,2,0.4041817406680517,0.017272576924084522,0.9952163133274812,0.0013182664683319939,"{'colsample_bytree': np.float64(0.41466763346092406), 'gamma': np.float64(0.34333486081257514), 'learning_rate': np.float64(1.4447823308497934), 'max_depth': 33, 'min_child_weight': 13, 'n_estimators': 173, 'reg_alpha': np.float64(2.3817070890562926), 'reg_lambda': np.float64(4.090780455962635), 'subsample': np.float64(0.6274474404719232)}",0.41466763346092406,0.34333486081257514,1.4447823308497934,33,13,173,2.3817070890562926,4.090780455962635,0.6274474404719232
3,3,0.4413463103234192,0.027015959624765846,0.9663538586710004,0.002721152668119995,"{'colsample_bytree': np.float64(0.39549462802100754), 'gamma': np.float64(0.8806886808016591), 'learning_rate': np.float64(0.8129707026286856), 'max_depth': 20, 'min_child_weight': 13, 'n_estimators': 190, 'reg_alpha': np.float64(2.9870099872880598), 'reg_lambda': np.float64(4.138269137279453), 'subsample': np.float64(0.8560520273943114)}",0.39549462802100754,0.8806886808016591,0.8129707026286856,20,13,190,2.9870099872880598,4.138269137279453,0.8560520273943114
3,4,0.37649960735957766,0.022503446231563678,0.9826281868627653,0.0027247705371406645,"{'colsample_bytree': np.float64(0.648269618230265), 'gamma': np.float64(0.8354693364528121), 'learning_rate': np.float64(1.4903492806786849), 'max_depth': 30, 'min_child_weight': 8, 'n_estimators': 155, 'reg_alpha': np.float64(2.235266367634254), 'reg_lambda': np.float64(4.48678526023282), 'subsample': np.float64(0.5973428412928756)}",0.648269618230265,0.8354693364528121,1.4903492806786849,30,8,155,2.235266367634254,4.48678526023282,0.5973428412928756
4,0,0.45033039122834995,0.02555346911089521,0.9994382240067156,0.0007122788106835604,"{'colsample_bytree': np.float64(0.6056820657902788), 'gamma': np.float64(0.2200897321888805), 'learning_rate': np.float64(0.8779880827516865), 'max_depth': 28, 'min_child_weight': 9, 'n_estimators': 103, 'reg_alpha': np.float64(2.28845549413272), 'reg_lambda': np.float64(3.151214727109382), 'subsample': np.float64(0.7407818151473881)}",0.6056820657902788,0.2200897321888805,0.8779880827516865,28,9,103,2.28845549413272,3.151214727109382,0.7407818151473881
4,1,0.41305257049369526,0.04020032770914826,0.9962643422064925,0.0011008520447765423,"{'colsample_bytree': np.float64(0.5042272526236621), 'gamma': np.float64(0.6070668716767281), 'learning_rate': np.float64(1.4304426644837862), 'max_depth': 20, 'min_child_weight': 4, 'n_estimators': 239, 'reg_alpha': np.float64(1.6159186036380797), 'reg_lambda': np.float64(4.253823923167166), 'subsample': np.float64(0.6930285629383288)}",0.5042272526236621,0.6070668716767281,1.4304426644837862,20,4,239,1.6159186036380797,4.253823923167166,0.6930285629383288
4,2,0.3821026759208429,0.023049057841240065,0.9885627015648903,0.0017221346970289048,"{'colsample_bytree': np.float64(0.6092403927113337), 'gamma': np.float64(0.8734623958709408), 'learning_rate': np.float64(1.6257350657233807), 'max_depth': 30, 'min_child_weight': 11, 'n_estimators': 247, 'reg_alpha': np.float64(1.7699955255493456), 'reg_lambda': np.float64(2.2194583542816946), 'subsample': np.float64(0.8733740789665736)}",0.6092403927113337,0.8734623958709408,1.6257350657233807,30,11,247,1.7699955255493456,2.2194583542816946,0.8733740789665736
4,3,0.35020804700324504,0.02648695257568947,0.9722966212591256,0.004025083209555773,"{'colsample_bytree': np.float64(0.3698024147283756), 'gamma': np.float64(0.42006493330649486), 'learning_rate': np.float64(2.1579195790002044), 'max_depth': 36, 'min_child_weight': 9, 'n_estimators': 161, 'reg_alpha': np.float64(2.843074799580951), 'reg_lambda': np.float64(4.142716750804567), 'subsample': np.float64(0.4323097651859332)}",0.3698024147283756,0.42006493330649486,2.1579195790002044,36,9,161,2.843074799580951,4.142716750804567,0.4323097651859332
4,4,0.37022861044779054,0.0327980125575248,0.995108550604656,0.0008325542505854954,"{'colsample_bytree': np.float64(0.5346440655583793), 'gamma': np.float64(0.3195760450943493), 'learning_rate': np.float64(1.9574826809215689), 'max_depth': 14, 'min_child_weight': 10, 'n_estimators': 123, 'reg_alpha': np.float64(2.3977653135150856), 'reg_lambda': np.float64(3.7862276374583255), 'subsample': np.float64(0.7270897499269244)}",0.5346440655583793,0.3195760450943493,1.9574826809215689,14,10,123,2.3977653135150856,3.7862276374583255,0.7270897499269244
5,0,0.42039068001172203,0.026529288961639114,0.9819280422777712,0.001910589262297245,"{'colsample_bytree': np.float64(0.5845933035965584), 'gamma': np.float64(0.8989868333141691), 'learning_rate': np.float64(0.7346193037809661), 'max_depth': 39, 'min_child_weight': 15, 'n_estimators': 186, 'reg_alpha': np.float64(2.0699992332799013), 'reg_lambda': np.float64(3.7118097556041874), 'subsample': np.float64(0.536891478064655)}",0.5845933035965584,0.8989868333141691,0.7346193037809661,39,15,186,2.0699992332799013,3.7118097556041874,0.536891478064655
5,1,0.38679867258756734,0.014729680932518042,0.9921170820510572,0.0014556782673038472,"{'colsample_bytree': np.float64(0.36873942572062995), 'gamma': np.float64(0.4127791338783551), 'learning_rate': np.float64(1.7134705518868383), 'max_depth': 13, 'min_child_weight': 16, 'n_estimators': 148, 'reg_alpha': np.float64(2.510455627614678), 'reg_lambda': np.float64(2.673213314573015), 'subsample': np.float64(0.6983017426231796)}",0.36873942572062995,0.4127791338783551,1.7134705518868383,13,16,148,2.510455627614678,2.673213314573015,0.6983017426231796
5,2,0.3933247297267458,0.029989721767904903,0.9703912263590823,0.0028081863800607457,"{'colsample_bytree': np.float64(0.6742845472433909), 'gamma': np.float64(0.8118155221612572), 'learning_rate': np.float64(0.9616476666272687), 'max_depth': 27, 'min_child_weight': 19, 'n_estimators': 133, 'reg_alpha': np.float64(2.046136433446862), 'reg_lambda': np.float64(4.120778242906508), 'subsample': np.float64(0.5068847018893562)}",0.6742845472433909,0.8118155221612572,0.9616476666272687,27,19,133,2.046136433446862,4.120778242906508,0.5068847018893562
5,3,0.359662876071826,0.01630099255036913,0.9885388928463694,0.0015633923779625638,"{'colsample_bytree': np.float64(0.6850380767010711), 'gamma': np.float64(0.4953682000082966), 'learning_rate': np.float64(2.0697269967686407), 'max_depth': 14, 'min_child_weight': 9, 'n_estimators': 169, 'reg_alpha': np.float64(2.4629013276674576), 'reg_lambda': np.float64(3.5303758649718597), 'subsample': np.float64(0.8514906477809239)}",0.6850380767010711,0.4953682000082966,2.0697269967686407,14,9,169,2.4629013276674576,3.5303758649718597,0.8514906477809239
5,4,0.35019004232073003,0.023861746312316006,0.9828262345592664,0.002067405993059914,"{'colsample_bytree': np.float64(0.5521066866464703), 'gamma': np.float64(0.7416625075343218), 'learning_rate': np.float64(1.9370677896805777), 'max_depth': 14, 'min_child_weight': 11, 'n_estimators': 212, 'reg_alpha': np.float64(2.3040153680580966), 'reg_lambda': np.float64(3.904768047657284), 'subsample': np.float64(0.6072278669719993)}",0.5521066866464703,0.7416625075343218,1.9370677896805777,14,11,212,2.3040153680580966,3.904768047657284,0.6072278669719993
6,0,0.33137153267887054,0.031197705409017576,0.98857625321506,0.001130992238771123,"{'colsample_bytree': np.float64(0.47639231923442354), 'gamma': np.float64(0.2589579199013011), 'learning_rate': np.float64(2.196224219433791), 'max_depth': 6, 'min_child_weight': 11, 'n_estimators': 152, 'reg_alpha': np.float64(2.2927607430416774), 'reg_lambda': np.float64(4.3102885602852465), 'subsample': np.float64(0.45522113310521295)}",0.47639231923442354,0.2589579199013011,2.196224219433791,6,11,152,2.2927607430416774,4.3102885602852465,0.45522113310521295
6,1,0.3892695928828327,0.01798570451776254,0.9842902730325289,0.003354330759670928,"{'colsample_bytree': np.float64(0.6005462833726927), 'gamma': np.float64(0.726935774448385), 'learning_rate': np.float64(1.4566567288308852), 'max_depth': 14, 'min_child_weight': 15, 'n_estimators': 221, 'reg_alpha': np.float64(2.494247969532091), 'reg_lambda': np.float64(3.3970355723233525), 'subsample': np.float64(0.6703507300819069)}",0.6005462833726927,0.726935774448385,1.4566567288308852,14,15,221,2.494247969532091,3.3970355723233525,0.6703507300819069
6,2,0.3769004073328248,0.010375120775137171,0.9889921352466475,0.0013349887716910599,"{'colsample_bytree': np.float64(0.6348765514424564), 'gamma': np.float64(0.4682359044909975), 'learning_rate': np.float64(1.7146095857037607), 'max_depth': 23, 'min_child_weight': 9, 'n_estimators': 167, 'reg_alpha': np.float64(2.690295420349305), 'reg_lambda': np.float64(3.7824677836567777), 'subsample': np.float64(0.7373182201522049)}",0.6348765514424564,0.4682359044909975,1.7146095857037607,23,9,167,2.690295420349305,3.7824677836567777,0.7373182201522049
6,3,0.35326946016706695,0.02352919405306694,0.9826179482313299,0.0009545900782799238,"{'colsample_bytree': np.float64(0.5412319542931281), 'gamma': np.float64(0.4580465703418628), 'learning_rate': np.float64(2.058481454731402), 'max_depth': 17, 'min_child_weight': 9, 'n_estimators': 148, 'reg_alpha': np.float64(2.930544368809069), 'reg_lambda': np.float64(3.116385465819139), 'subsample': np.float64(0.5920894707210183)}",0.5412319542931281,0.4580465703418628,2.058481454731402,17,9,148,2.930544368809069,3.116385465819139,0.5920894707210183
6,4,0.4605712333036327,0.03790539063918887,0.9984541846781193,0.00030510104038337975,"{'colsample_bytree': np.float64(0.4394078632507553), 'gamma': np.float64(0.4003708797381387), 'learning_rate': np.float64(0.8045857342846285), 'max_depth': 28, 'min_child_weight': 17, 'n_estimators': 200, 'reg_alpha': np.float64(1.676689246781349), 'reg_lambda': np.float64(4.169440373968126), 'subsample': np.float64(0.8982454363469426)}",0.4394078632507553,0.4003708797381387,0.8045857342846285,28,17,200,1.676689246781349,4.169440373968126,0.8982454363469426
7,0,0.4165143210641209,0.036152528608012546,0.9880188244545028,0.0021863294835582454,"{'colsample_bytree': np.float64(0.4661723087170392), 'gamma': np.float64(0.8156627059370252), 'learning_rate': np.float64(0.7554007659452948), 'max_depth': 31, 'min_child_weight': 5, 'n_estimators': 249, 'reg_alpha': np.float64(1.929973204683609), 'reg_lambda': np.float64(3.6158747693627813), 'subsample': np.float64(0.4601390800258986)}",0.4661723087170392,0.8156627059370252,0.7554007659452948,31,5,249,1.929973204683609,3.6158747693627813,0.4601390800258986
7,1,0.3523012315335999,0.022667598931888643,0.9711419959028245,0.00402759602956036,"{'colsample_bytree': np.float64(0.4814447657946157), 'gamma': np.float64(0.8611816390087985), 'learning_rate': np.float64(1.3888713299849522), 'max_depth': 6, 'min_child_weight': 16, 'n_estimators': 175, 'reg_alpha': np.float64(1.8381604402172926), 'reg_lambda': np.float64(3.6884487753727586), 'subsample': np.float64(0.4600927654496319)}",0.4814447657946157,0.8611816390087985,1.3888713299849522,6,16,175,1.8381604402172926,3.6884487753727586,0.4600927654496319
7,2,0.3236092900694847,0.004892677558775061,0.9735781808427311,0.0008421551508206159,"{'colsample_bytree': np.float64(0.4100351015622721), 'gamma': np.float64(0.8112127751232522), 'learning_rate': np.float64(1.8240725142823653), 'max_depth': 35, 'min_child_weight': 15, 'n_estimators': 212, 'reg_alpha': np.float64(2.433856035035306), 'reg_lambda': np.float64(2.0276183013418647), 'subsample': np.float64(0.5404681996252172)}",0.4100351015622721,0.8112127751232522,1.8240725142823653,35,15,212,2.433856035035306,2.0276183013418647,0.5404681996252172
7,3,0.35473037787551404,0.01648735802337201,0.9826318752768503,0.0031178140294995955,"{'colsample_bytree': np.float64(0.5009885792336314), 'gamma': np.float64(0.8941704145083412), 'learning_rate': np.float64(1.568157143412793), 'max_depth': 26, 'min_child_weight': 14, 'n_estimators': 107, 'reg_alpha': np.float64(1.9586187015269552), 'reg_lambda': np.float64(2.7660148314209483), 'subsample': np.float64(0.6804819749799149)}",0.5009885792336314,0.8941704145083412,1.568157143412793,26,14,107,1.9586187015269552,2.7660148314209483,0.6804819749799149
7,4,0.39188910657551573,0.04024331387418859,0.9840444473802128,0.0024005582215078816,"{'colsample_bytree': np.float64(0.3613960183189572), 'gamma': np.float64(0.7878527074907693), 'learning_rate': np.float64(1.6366637523427605), 'max_depth': 35, 'min_child_weight': 17, 'n_estimators': 240, 'reg_alpha': np.float64(1.9919774763101221), 'reg_lambda': np.float64(2.4783697744174256), 'subsample': np.float64(0.7837604893230288)}",0.3613960183189572,0.7878527074907693,1.6366637523427605,35,17,240,1.9919774763101221,2.4783697744174256,0.7837604893230288
8,0,0.433345112038923,0.03336851424155691,0.9993734976314471,0.0005679028728234648,"{'colsample_bytree': np.float64(0.6932654175690935), 'gamma': np.float64(0.1677118326535655), 'learning_rate': np.float64(1.3588698551185343), 'max_depth': 30, 'min_child_weight': 6, 'n_estimators': 225, 'reg_alpha': np.float64(2.4209039380811426), 'reg_lambda': np.float64(4.472940607552408), 'subsample': np.float64(0.8472817170947073)}",0.6932654175690935,0.1677118326535655,1.3588698551185343,30,6,225,2.4209039380811426,4.472940607552408,0.8472817170947073
8,1,0.37261185284986487,0.01711885255847788,0.9779531658267789,0.0038523332309521262,"{'colsample_bytree': np.float64(0.5313543693260051), 'gamma': np.float64(0.7555566653640307), 'learning_rate': np.float64(1.3309288160731068), 'max_depth': 6, 'min_child_weight': 5, 'n_estimators': 135, 'reg_alpha': np.float64(2.767361200126071), 'reg_lambda': np.float64(3.0092701570596194), 'subsample': np.float64(0.6366457201383855)}",0.5313543693260051,0.7555566653640307,1.3309288160731068,6,5,135,2.767361200126071,3.0092701570596194,0.6366457201383855
8,2,0.45401769922054874,0.034735512097012713,0.9996096758453039,0.0005309464661369175,"{'colsample_bytree': np.float64(0.42646071775764527), 'gamma': np.float64(0.23311554542776572), 'learning_rate': np.float64(0.7933923758618924), 'max_depth': 32, 'min_child_weight': 16, 'n_estimators': 198, 'reg_alpha': np.float64(1.935581291249549), 'reg_lambda': np.float64(2.1816848557268496), 'subsample': np.float64(0.8197899061862426)}",0.42646071775764527,0.23311554542776572,0.7933923758618924,32,16,198,1.935581291249549,2.1816848557268496,0.8197899061862426
8,3,0.41805450047567694,0.028130791527920234,0.9911207023312102,0.0037861802889083097,"{'colsample_bytree': np.float64(0.6145757619497672), 'gamma': np.float64(0.48504617026899366), 'learning_rate': np.float64(0.944399362078109), 'max_depth': 20, 'min_child_weight': 7, 'n_estimators': 231, 'reg_alpha': np.float64(2.89094007237728), 'reg_lambda': np.float64(3.5473886428920505), 'subsample': np.float64(0.4955546027296397)}",0.6145757619497672,0.48504617026899366,0.944399362078109,20,7,231,2.89094007237728,3.5473886428920505,0.4955546027296397
8,4,0.36514947960536065,0.03308771549981574,0.9864388082672406,0.0011963940528250388,"{'colsample_bytree': np.float64(0.48599887562366134), 'gamma': np.float64(0.3616357724608119), 'learning_rate': np.float64(2.0868948467038893), 'max_depth': 35, 'min_child_weight': 8, 'n_estimators': 100, 'reg_alpha': np.float64(2.8796962907116215), 'reg_lambda': np.float64(2.9437459047292345), 'subsample': np.float64(0.588894215594529)}",0.48599887562366134,0.3616357724608119,2.0868948467038893,35,8,100,2.8796962907116215,2.9437459047292345,0.588894215594529
9,0,0.4130849387179406,0.014580580876128612,0.9849418783043001,0.004339350775331468,"{'colsample_bytree': np.float64(0.35212502855146866), 'gamma': np.float64(0.3895595616095495), 'learning_rate': np.float64(1.6604311650253363), 'max_depth': 37, 'min_child_weight': 18, 'n_estimators': 202, 'reg_alpha': np.float64(2.9885451324203953), 'reg_lambda': np.float64(4.0143641620320825), 'subsample': np.float64(0.8321047230085983)}",0.35212502855146866,0.3895595616095495,1.6604311650253363,37,18,202,2.9885451324203953,4.0143641620320825,0.8321047230085983
9,1,0.39941909982801954,0.03433542106217487,0.9817540956485992,0.0036987843795013024,"{'colsample_bytree': np.float64(0.4107877915125706), 'gamma': np.float64(0.7918968716768897), 'learning_rate': np.float64(0.7789653692093618), 'max_depth': 30, 'min_child_weight': 13, 'n_estimators': 141, 'reg_alpha': np.float64(1.7374943868016133), 'reg_lambda': np.float64(3.3969843706385374), 'subsample': np.float64(0.4251588600026871)}",0.4107877915125706,0.7918968716768897,0.7789653692093618,30,13,141,1.7374943868016133,3.3969843706385374,0.4251588600026871
9,2,0.39001925248280395,0.03009887369152402,0.9884536093811702,0.0014910177465936557,"{'colsample_bytree': np.float64(0.6259638206736488), 'gamma': np.float64(0.6051058499283491), 'learning_rate': np.float64(1.608117791345363), 'max_depth': 6, 'min_child_weight': 4, 'n_estimators': 126, 'reg_alpha': np.float64(2.4176430355254346), 'reg_lambda': np.float64(4.208853764956325), 'subsample': np.float64(0.779709651126312)}",0.6259638206736488,0.6051058499283491,1.608117791345363,6,4,126,2.4176430355254346,4.208853764956325,0.779709651126312
9,3,0.2954088632931729,0.016564481874910403,0.9668396932454042,0.003923128951055558,"{'colsample_bytree': np.float64(0.6980475451730785), 'gamma': np.float64(0.5959531972477712), 'learning_rate': np.float64(2.0090315303886994), 'max_depth': 15, 'min_child_weight': 12, 'n_estimators': 103, 'reg_alpha': np.float64(1.923881087960246), 'reg_lambda': np.float64(2.6243401557963892), 'subsample': np.float64(0.42661783935919156)}",0.6980475451730785,0.5959531972477712,2.0090315303886994,15,12,103,1.923881087960246,2.6243401557963892,0.42661783935919156
9,4,0.40724572590949837,0.016819512016427007,0.9945923898226301,0.0011068810544544324,"{'colsample_bytree': np.float64(0.4960230938214413), 'gamma': np.float64(0.5019026421295242), 'learning_rate': np.float64(0.8629936164771868), 'max_depth': 29, 'min_child_weight': 19, 'n_estimators': 130, 'reg_alpha': np.float64(1.5406882640987383), 'reg_lambda': np.float64(3.2276264281491294), 'subsample': np.float64(0.6163993207019685)}",0.4960230938214413,0.5019026421295242,0.8629936164771868,29,19,130,1.5406882640987383,3.2276264281491294,0.6163993207019685
10,0,0.37752578229320227,0.025314244011256645,0.9820916405548052,0.002027993564175763,"{'colsample_bytree': np.float64(0.6643904987805478), 'gamma': np.float64(0.6312514033222311), 'learning_rate': np.float64(1.5288568234648428), 'max_depth': 20, 'min_child_weight': 19, 'n_estimators': 187, 'reg_alpha': np.float64(2.380877050036161), 'reg_lambda': np.float64(3.428403974500635), 'subsample': np.float64(0.6204270269295684)}",0.6643904987805478,0.6312514033222311,1.5288568234648428,20,19,187,2.380877050036161,3.428403974500635,0.6204270269295684
10,1,0.4186682633118912,0.02004457784063542,0.9839226151851284,0.0020264100259308393,"{'colsample_bytree': np.float64(0.5237607011168708), 'gamma': np.float64(0.39772790646189327), 'learning_rate': np.float64(1.0398477332711784), 'max_depth': 25, 'min_child_weight': 14, 'n_estimators': 100, 'reg_alpha': np.float64(2.990078656481078), 'reg_lambda': np.float64(2.219109232723953), 'subsample': np.float64(0.5615973003215895)}",0.5237607011168708,0.39772790646189327,1.0398477332711784,25,14,100,2.990078656481078,2.219109232723953,0.5615973003215895
10,2,0.35646254169084257,0.014739377803648021,0.9643630988519508,0.003741824663977496,"{'colsample_bytree': np.float64(0.6929368947981924), 'gamma': np.float64(0.7521313424313275), 'learning_rate': np.float64(1.973180568409805), 'max_depth': 9, 'min_child_weight': 17, 'n_estimators': 104, 'reg_alpha': np.float64(2.73953255535098), 'reg_lambda': np.float64(2.355973533496174), 'subsample': np.float64(0.5938920988610967)}",0.6929368947981924,0.7521313424313275,1.973180568409805,9,17,104,2.73953255535098,2.355973533496174,0.5938920988610967
10,3,0.269417955420734,0.0183764697481007,0.9368786046602668,0.0072483787923630005,"{'colsample_bytree': np.float64(0.39930528468243487), 'gamma': np.float64(0.1659976884583484), 'learning_rate': np.float64(2.000722298839834), 'max_depth': 20, 'min_child_weight': 19, 'n_estimators': 106, 'reg_alpha': np.float64(1.7973141323870054), 'reg_lambda': np.float64(2.95529197878146), 'subsample': np.float64(0.461558661995794)}",0.39930528468243487,0.1659976884583484,2.000722298839834,20,19,106,1.7973141323870054,2.95529197878146,0.461558661995794
10,4,0.4443553733327281,0.03586239729362272,0.977386943112681,0.004432015087847955,"{'colsample_bytree': np.float64(0.6235289061896601), 'gamma': np.float64(0.893841156596837), 'learning_rate': np.float64(0.8231452703613145), 'max_depth': 32, 'min_child_weight': 12, 'n_estimators': 237, 'reg_alpha': np.float64(2.700751228489222), 'reg_lambda': np.float64(3.4004203141449114), 'subsample': np.float64(0.8807620177551941)}",0.6235289061896601,0.893841156596837,0.8231452703613145,32,12,237,2.700751228489222,3.4004203141449114,0.8807620177551941
11,0,0.3930411500740201,0.026345604739517643,0.9981923068153765,0.001144106139137423,"{'colsample_bytree': np.float64(0.6709095694315852), 'gamma': np.float64(0.298811321586405), 'learning_rate': np.float64(1.3394645071150229), 'max_depth': 18, 'min_child_weight': 4, 'n_estimators': 195, 'reg_alpha': np.float64(2.4192597494568044), 'reg_lambda': np.float64(2.42561814324044), 'subsample': np.float64(0.8109039658008608)}",0.6709095694315852,0.298811321586405,1.3394645071150229,18,4,195,2.4192597494568044,2.42561814324044,0.8109039658008608
11,1,0.3899980364689908,0.017132792459391075,0.993939154131712,0.0012642790874328445,"{'colsample_bytree': np.float64(0.4164782393713703), 'gamma': np.float64(0.660687081223427), 'learning_rate': np.float64(1.4822611305366205), 'max_depth': 6, 'min_child_weight': 14, 'n_estimators': 156, 'reg_alpha': np.float64(1.7091776934713456), 'reg_lambda': np.float64(3.7916103132806955), 'subsample': np.float64(0.7811244600323729)}",0.4164782393713703,0.660687081223427,1.4822611305366205,6,14,156,1.7091776934713456,3.7916103132806955,0.7811244600323729
11,2,0.4318791637586094,0.037669299188374465,0.9993577868695149,0.00048778379998720966,"{'colsample_bytree': np.float64(0.45510038632631866), 'gamma': np.float64(0.3536564666958667), 'learning_rate': np.float64(0.8899031781963205), 'max_depth': 22, 'min_child_weight': 4, 'n_estimators': 231, 'reg_alpha': np.float64(1.9846395162968657), 'reg_lambda': np.float64(3.340100498692788), 'subsample': np.float64(0.6406906281413266)}",0.45510038632631866,0.3536564666958667,0.8899031781963205,22,4,231,1.9846395162968657,3.340100498692788,0.6406906281413266
11,3,0.33897755109705335,0.025995693834220374,0.9882116858247849,0.0012279265241166887,"{'colsample_bytree': np.float64(0.3060832929629854), 'gamma': np.float64(0.2521042772468125), 'learning_rate': np.float64(2.115549552580629), 'max_depth': 15, 'min_child_weight': 14, 'n_estimators': 108, 'reg_alpha': np.float64(2.5661583054047044), 'reg_lambda': np.float64(4.312477005512656), 'subsample': np.float64(0.5530597326598176)}",0.3060832929629854,0.2521042772468125,2.115549552580629,15,14,108,2.5661583054047044,4.312477005512656,0.5530597326598176
11,4,0.4351284017489694,0.038338463567642145,0.9916267724095424,0.0029157898516969575,"{'colsample_bytree': np.float64(0.6034509842517533), 'gamma': np.float64(0.3479378127846277), 'learning_rate': np.float64(1.150850254037987), 'max_depth': 14, 'min_child_weight': 8, 'n_estimators': 130, 'reg_alpha': np.float64(2.9532699737740282), 'reg_lambda': np.float64(3.096327102719002), 'subsample': np.float64(0.6977876348441518)}",0.6034509842517533,0.3479378127846277,1.150850254037987,14,8,130,2.9532699737740282,3.096327102719002,0.6977876348441518
12,0,0.38589109934670923,0.031403826031302,0.9925571747461988,0.001708274321257711,"{'colsample_bytree': np.float64(0.31731886417695676), 'gamma': np.float64(0.6296757309022547), 'learning_rate': np.float64(1.405558445939025), 'max_depth': 19, 'min_child_weight': 6, 'n_estimators': 219, 'reg_alpha': np.float64(2.0196915362536187), 'reg_lambda': np.float64(3.8005564465114876), 'subsample': np.float64(0.829070507568917)}",0.31731886417695676,0.6296757309022547,1.405558445939025,19,6,219,2.0196915362536187,3.8005564465114876,0.829070507568917
12,1,0.37542035551700836,0.016867555635401956,0.9901677511143202,0.003110022156003307,"{'colsample_bytree': np.float64(0.37899552843332535), 'gamma': np.float64(0.41524867678725585), 'learning_rate': np.float64(1.779044207314944), 'max_depth': 20, 'min_child_weight': 13, 'n_estimators': 197, 'reg_alpha': np.float64(2.6558164956370627), 'reg_lambda': np.float64(2.4695982913445986), 'subsample': np.float64(0.7452921514784394)}",0.37899552843332535,0.41524867678725585,1.779044207314944,20,13,197,2.6558164956370627,2.4695982913445986,0.7452921514784394
12,2,0.38819167946167804,0.026120564803190752,0.9810609069062617,0.001273434792548848,"{'colsample_bytree': np.float64(0.6635949992926402), 'gamma': np.float64(0.7311391041023606), 'learning_rate': np.float64(1.370228246962398), 'max_depth': 11, 'min_child_weight': 9, 'n_estimators': 231, 'reg_alpha': np.float64(2.924782585054295), 'reg_lambda': np.float64(2.634717301710318), 'subsample': np.float64(0.7455422693380473)}",0.6635949992926402,0.7311391041023606,1.370228246962398,11,9,231,2.924782585054295,2.634717301710318,0.7455422693380473
12,3,0.40389317774785843,0.03637136873157381,0.9953667241857278,0.0010055191998515208,"{'colsample_bytree': np.float64(0.5099563223071212), 'gamma': np.float64(0.4995616088125945), 'learning_rate': np.float64(1.2396748969346691), 'max_depth': 37, 'min_child_weight': 17, 'n_estimators': 202, 'reg_alpha': np.float64(2.1093342898453593), 'reg_lambda': np.float64(2.0100677965776166), 'subsample': np.float64(0.7209333868981636)}",0.5099563223071212,0.4995616088125945,1.2396748969346691,37,17,202,2.1093342898453593,2.0100677965776166,0.7209333868981636
12,4,0.4385264035040352,0.02034384722625266,0.9900726385281462,0.0017795233156769248,"{'colsample_bytree': np.float64(0.5956341973867262), 'gamma': np.float64(0.4988250138138063), 'learning_rate': np.float64(1.0599971297803412), 'max_depth': 35, 'min_child_weight': 9, 'n_estimators': 106, 'reg_alpha': np.float64(2.912883737575206), 'reg_lambda': np.float64(4.483217555759282), 'subsample': np.float64(0.7592798979588532)}",0.5956341973867262,0.4988250138138063,1.0599971297803412,35,9,106,2.912883737575206,4.483217555759282,0.7592798979588532
13,0,0.4469540613521776,0.021554236380328155,0.9990859763153734,0.0006391902308697128,"{'colsample_bytree': np.float64(0.66157296764556), 'gamma': np.float64(0.5186689936342839), 'learning_rate': np.float64(0.7552536554493378), 'max_depth': 27, 'min_child_weight': 11, 'n_estimators': 206, 'reg_alpha': np.float64(1.6882528173337037), 'reg_lambda': np.float64(2.4791676138494165), 'subsample': np.float64(0.665599039599027)}",0.66157296764556,0.5186689936342839,0.7552536554493378,27,11,206,1.6882528173337037,2.4791676138494165,0.665599039599027
13,1,0.3531768674487806,0.018152523026094065,0.9924682070142732,0.002609042772206945,"{'colsample_bytree': np.float64(0.49678509490577677), 'gamma': np.float64(0.4043367948887019), 'learning_rate': np.float64(2.0925174667944546), 'max_depth': 24, 'min_child_weight': 16, 'n_estimators': 139, 'reg_alpha': np.float64(2.2854379763790513), 'reg_lambda': np.float64(2.5133506790838154), 'subsample': np.float64(0.7102355737386739)}",0.49678509490577677,0.4043367948887019,2.0925174667944546,24,16,139,2.2854379763790513,2.5133506790838154,0.7102355737386739
13,2,0.37011844536171656,0.016626071314925977,0.9894602613657822,0.002085591959046978,"{'colsample_bytree': np.float64(0.6067568283525014), 'gamma': np.float64(0.6187586837920002), 'learning_rate': np.float64(1.5215353696360365), 'max_depth': 7, 'min_child_weight': 4, 'n_estimators': 116, 'reg_alpha': np.float64(2.0008584170605532), 'reg_lambda': np.float64(3.9257381076396083), 'subsample': np.float64(0.5175221706259249)}",0.6067568283525014,0.6187586837920002,1.5215353696360365,7,4,116,2.0008584170605532,3.9257381076396083,0.5175221706259249
13,3,0.40253519055737896,0.020905285810258217,0.9870113991209468,0.0013949757430728599,"{'colsample_bytree': np.float64(0.4126872898481032), 'gamma': np.float64(0.6511071334362121), 'learning_rate': np.float64(1.0724714645593414), 'max_depth': 18, 'min_child_weight': 18, 'n_estimators': 248, 'reg_alpha': np.float64(2.3053746750622848), 'reg_lambda': np.float64(2.0986872720517185), 'subsample': np.float64(0.6196806171171818)}",0.4126872898481032,0.6511071334362121,1.0724714645593414,18,18,248,2.3053746750622848,2.0986872720517185,0.6196806171171818
13,4,0.3181471580526572,0.010228107091963472,0.9919804290312774,0.0015517748391277906,"{'colsample_bytree': np.float64(0.5630069658535738), 'gamma': np.float64(0.23197710978230907), 'learning_rate': np.float64(1.2769665647852995), 'max_depth': 25, 'min_child_weight': 19, 'n_estimators': 234, 'reg_alpha': np.float64(1.9452354380079757), 'reg_lambda': np.float64(4.499218859788028), 'subsample': np.float64(0.4405500404315048)}",0.5630069658535738,0.23197710978230907,1.2769665647852995,25,19,234,1.9452354380079757,4.499218859788028,0.4405500404315048
14,0,0.3617590618805229,0.01901942595070472,0.996327796245413,0.0014536821600491644,"{'colsample_bytree': np.float64(0.6098912628044144), 'gamma': np.float64(0.41274135281228896), 'learning_rate': np.float64(1.98788046840618), 'max_depth': 25, 'min_child_weight': 17, 'n_estimators': 140, 'reg_alpha': np.float64(1.7768313708169927), 'reg_lambda': np.float64(2.79519209050114), 'subsample': np.float64(0.8484407275541798)}",0.6098912628044144,0.41274135281228896,1.98788046840618,25,17,140,1.7768313708169927,2.79519209050114,0.8484407275541798
14,1,0.4249981526816823,0.027592783258589413,0.9767505297423286,0.0020915622735473154,"{'colsample_bytree': np.float64(0.3095283536429145), 'gamma': np.float64(0.8631748865955463), 'learning_rate': np.float64(1.190388092137181), 'max_depth': 20, 'min_child_weight': 17, 'n_estimators': 178, 'reg_alpha': np.float64(1.9280753781644315), 'reg_lambda': np.float64(2.679238028592204), 'subsample': np.float64(0.8974609571552162)}",0.3095283536429145,0.8631748865955463,1.190388092137181,20,17,178,1.9280753781644315,2.679238028592204,0.8974609571552162
14,2,0.38907231853898544,0.022513634039137344,0.9876214529464663,0.0032227836079093035,"{'colsample_bytree': np.float64(0.4752717092788265), 'gamma': np.float64(0.48812293572477927), 'learning_rate': np.float64(1.8995453286392527), 'max_depth': 24, 'min_child_weight': 12, 'n_estimators': 173, 'reg_alpha': np.float64(2.6141136198865653), 'reg_lambda': np.float64(2.6640135991374403), 'subsample': np.float64(0.8486073953250614)}",0.4752717092788265,0.48812293572477927,1.8995453286392527,24,12,173,2.6141136198865653,2.6640135991374403,0.8486073953250614
14,3,0.37191789661596786,0.027946610867121042,0.983571825057442,0.004534352463381681,"{'colsample_bytree': np.float64(0.6445696430204426), 'gamma': np.float64(0.8210577906439955), 'learning_rate': np.float64(1.8850488632203999), 'max_depth': 37, 'min_child_weight': 12, 'n_estimators': 200, 'reg_alpha': np.float64(2.145354345056304), 'reg_lambda': np.float64(3.7250230879439465), 'subsample': np.float64(0.6553959886127997)}",0.6445696430204426,0.8210577906439955,1.8850488632203999,37,12,200,2.145354345056304,3.7250230879439465,0.6553959886127997
14,4,0.4077893929357888,0.015978335208552425,0.995019257858136,0.001664355670483037,"{'colsample_bytree': np.float64(0.5521532429328759), 'gamma': np.float64(0.44676117949222505), 'learning_rate': np.float64(0.7483074088335468), 'max_depth': 32, 'min_child_weight': 15, 'n_estimators': 125, 'reg_alpha': np.float64(1.6999753996863078), 'reg_lambda': np.float64(2.6446035463490944), 'subsample': np.float64(0.4910630936555881)}",0.5521532429328759,0.44676117949222505,0.7483074088335468,32,15,125,1.6999753996863078,2.6446035463490944,0.4910630936555881
15,0,0.38512347572577843,0.014492318052576543,0.9970852071508671,0.001398722796373756,"{'colsample_bytree': np.float64(0.5070477712057635), 'gamma': np.float64(0.25018340923605487), 'learning_rate': np.float64(1.435592512698326), 'max_depth': 33, 'min_child_weight': 18, 'n_estimators': 233, 'reg_alpha': np.float64(2.433239294356154), 'reg_lambda': np.float64(2.0016881296235964), 'subsample': np.float64(0.7078590231344251)}",0.5070477712057635,0.25018340923605487,1.435592512698326,33,18,233,2.433239294356154,2.0016881296235964,0.7078590231344251
15,1,0.38376889135304815,0.02370734901838941,0.9719781611837621,0.0026499516864547214,"{'colsample_bytree': np.float64(0.6642361557476131), 'gamma': np.float64(0.8311195761120439), 'learning_rate': np.float64(1.9003107640379882), 'max_depth': 25, 'min_child_weight': 4, 'n_estimators': 192, 'reg_alpha': np.float64(2.8800427659608703), 'reg_lambda': np.float64(3.988501122554047), 'subsample': np.float64(0.743458597614847)}",0.6642361557476131,0.8311195761120439,1.9003107640379882,25,4,192,2.8800427659608703,3.988501122554047,0.743458597614847
15,2,0.3391843054183129,0.020881192773091514,0.9917173296021472,0.0011037317033768734,"{'colsample_bytree': np.float64(0.37808077118008615), 'gamma': np.float64(0.780722820500562), 'learning_rate': np.float64(2.1968149579083383), 'max_depth': 30, 'min_child_weight': 9, 'n_estimators': 234, 'reg_alpha': np.float64(1.6448616370351892), 'reg_lambda': np.float64(4.466688713755962), 'subsample': np.float64(0.6015070956096663)}",0.37808077118008615,0.780722820500562,2.1968149579083383,30,9,234,1.6448616370351892,4.466688713755962,0.6015070956096663
15,3,0.3606665040139744,0.028310106359711238,0.9790050425523399,0.0022960949255442327,"{'colsample_bytree': np.float64(0.4516227878554184), 'gamma': np.float64(0.4316221650332793), 'learning_rate': np.float64(1.7751651440987286), 'max_depth': 11, 'min_child_weight': 13, 'n_estimators': 141, 'reg_alpha': np.float64(2.7576159169537577), 'reg_lambda': np.float64(4.060449360457175), 'subsample': np.float64(0.5137785899170406)}",0.4516227878554184,0.4316221650332793,1.7751651440987286,11,13,141,2.7576159169537577,4.060449360457175,0.5137785899170406
15,4,0.3780455788279231,0.027438985900678284,0.9919799553510641,0.001792251951821114,"{'colsample_bytree': np.float64(0.6243306909964512), 'gamma': np.float64(0.4330633977590179), 'learning_rate': np.float64(1.746692568437182), 'max_depth': 11, 'min_child_weight': 6, 'n_estimators': 235, 'reg_alpha': np.float64(2.7266606729754375), 'reg_lambda': np.float64(3.8023323958618116), 'subsample': np.float64(0.7524844055929498)}",0.6243306909964512,0.4330633977590179,1.746692568437182,11,6,235,2.7266606729754375,3.8023323958618116,0.7524844055929498
16,0,0.38685832281107657,0.03145139976214352,0.9978604247926448,0.0010936564859586823,"{'colsample_bytree': np.float64(0.4178788973846082), 'gamma': np.float64(0.22638072166857642), 'learning_rate': np.float64(1.4648246873906943), 'max_depth': 12, 'min_child_weight': 8, 'n_estimators': 179, 'reg_alpha': np.float64(1.8685255825479858), 'reg_lambda': np.float64(3.9734014086087623), 'subsample': np.float64(0.46970749518901006)}",0.4178788973846082,0.22638072166857642,1.4648246873906943,12,8,179,1.8685255825479858,3.9734014086087623,0.46970749518901006
16,1,0.34273853500826734,0.01937898770636273,0.992708023922529,0.0027138242444604984,"{'colsample_bytree': np.float64(0.4052794322176264), 'gamma': np.float64(0.3122022621191322), 'learning_rate': np.float64(1.9510228747697118), 'max_depth': 25, 'min_child_weight': 4, 'n_estimators': 172, 'reg_alpha': np.float64(2.2260275384044608), 'reg_lambda': np.float64(3.3066353095777177), 'subsample': np.float64(0.4569048047084321)}",0.4052794322176264,0.3122022621191322,1.9510228747697118,25,4,172,2.2260275384044608,3.3066353095777177,0.4569048047084321
16,2,0.36330989581314765,0.012816399749373895,0.9747935147281892,0.0022847029770732673,"{'colsample_bytree': np.float64(0.36726742239598853), 'gamma': np.float64(0.6453782618673716), 'learning_rate': np.float64(1.7628074698320357), 'max_depth': 39, 'min_child_weight': 12, 'n_estimators': 204, 'reg_alpha': np.float64(2.9982403414786534), 'reg_lambda': np.float64(2.18571674035313), 'subsample': np.float64(0.8225110790749693)}",0.36726742239598853,0.6453782618673716,1.7628074698320357,39,12,204,2.9982403414786534,2.18571674035313,0.8225110790749693
16,3,0.40891024565962814,0.011375198048933492,0.9908480788221292,0.004116462923310486,"{'colsample_bytree': np.float64(0.3939275575077267), 'gamma': np.float64(0.8920026984013387), 'learning_rate': np.float64(1.1768198298205559), 'max_depth': 31, 'min_child_weight': 10, 'n_estimators': 160, 'reg_alpha': np.float64(1.5711972187138141), 'reg_lambda': np.float64(2.5912435141737133), 'subsample': np.float64(0.6944342123834787)}",0.3939275575077267,0.8920026984013387,1.1768198298205559,31,10,160,1.5711972187138141,2.5912435141737133,0.6944342123834787
16,4,0.40167805242224547,0.015236174445668473,0.9969833779817134,0.0009954147890473373,"{'colsample_bytree': np.float64(0.6757635924370005), 'gamma': np.float64(0.23560593531572405), 'learning_rate': np.float64(1.3330527022158725), 'max_depth': 39, 'min_child_weight': 6, 'n_estimators': 110, 'reg_alpha': np.float64(2.6026792509956485), 'reg_lambda': np.float64(2.716917256477925), 'subsample': np.float64(0.5398986860290131)}",0.6757635924370005,0.23560593531572405,1.3330527022158725,39,6,110,2.6026792509956485,2.716917256477925,0.5398986860290131
17,0,0.3632586306752702,0.01873393515977098,0.9852023926879723,0.0028418360974407134,"{'colsample_bytree': np.float64(0.45923630833284385), 'gamma': np.float64(0.4975616956173352), 'learning_rate': np.float64(1.7618720315177792), 'max_depth': 7, 'min_child_weight': 8, 'n_estimators': 152, 'reg_alpha': np.float64(2.646135119717937), 'reg_lambda': np.float64(2.55307215746032), 'subsample': np.float64(0.5424596941893601)}",0.45923630833284385,0.4975616956173352,1.7618720315177792,7,8,152,2.646135119717937,2.55307215746032,0.5424596941893601
17,1,0.41976614702256415,0.02338622939667901,0.9805731064900861,0.003008507497593798,"{'colsample_bytree': np.float64(0.5906782875140323), 'gamma': np.float64(0.7204999998862706), 'learning_rate': np.float64(0.9180358460346525), 'max_depth': 22, 'min_child_weight': 15, 'n_estimators': 127, 'reg_alpha': np.float64(2.3608262232549517), 'reg_lambda': np.float64(2.243048925289716), 'subsample': np.float64(0.5830871763907859)}",0.5906782875140323,0.7204999998862706,0.9180358460346525,22,15,127,2.3608262232549517,2.243048925289716,0.5830871763907859
17,2,0.36952935367642914,0.03293339724064469,0.9911467866853055,0.0024160841607802743,"{'colsample_bytree': np.float64(0.5500495949063356), 'gamma': np.float64(0.4299307961440293), 'learning_rate': np.float64(1.7874456070044336), 'max_depth': 29, 'min_child_weight': 12, 'n_estimators': 138, 'reg_alpha': np.float64(2.2420590361517982), 'reg_lambda': np.float64(2.0999959418164416), 'subsample': np.float64(0.5662949246900623)}",0.5500495949063356,0.4299307961440293,1.7874456070044336,29,12,138,2.2420590361517982,2.0999959418164416,0.5662949246900623
17,3,0.3817911838431368,0.013956994786513476,0.9964943793031565,0.001207637644164363,"{'colsample_bytree': np.float64(0.366578068647607), 'gamma': np.float64(0.17341340968521907), 'learning_rate': np.float64(1.702720383351745), 'max_depth': 30, 'min_child_weight': 7, 'n_estimators': 244, 'reg_alpha': np.float64(2.9451087847475863), 'reg_lambda': np.float64(2.3520476092031615), 'subsample': np.float64(0.6867069172760885)}",0.366578068647607,0.17341340968521907,1.702720383351745,30,7,244,2.9451087847475863,2.3520476092031615,0.6867069172760885
17,4,0.4700332482873121,0.03075848872694994,0.9987636898941498,0.0006512405247857681,"{'colsample_bytree': np.float64(0.6297053512265065), 'gamma': np.float64(0.29719953753729855), 'learning_rate': np.float64(0.756914726405786), 'max_depth': 26, 'min_child_weight': 19, 'n_estimators': 160, 'reg_alpha': np.float64(1.9658708802897293), 'reg_lambda': np.float64(4.105127529041915), 'subsample': np.float64(0.8328055672945894)}",0.6297053512265065,0.29719953753729855,0.756914726405786,26,19,160,1.9658708802897293,4.105127529041915,0.8328055672945894
18,0,0.45143195380650913,0.02050475899470582,0.9883684297720621,0.0014962718837744353,"{'colsample_bytree': np.float64(0.45756804421945796), 'gamma': np.float64(0.5960646051032314), 'learning_rate': np.float64(0.8429706237885018), 'max_depth': 38, 'min_child_weight': 15, 'n_estimators': 157, 'reg_alpha': np.float64(2.501481286392667), 'reg_lambda': np.float64(3.5417990653813956), 'subsample': np.float64(0.8596565211403269)}",0.45756804421945796,0.5960646051032314,0.8429706237885018,38,15,157,2.501481286392667,3.5417990653813956,0.8596565211403269
18,1,0.39512935422512196,0.01454021357811356,0.9928405095893844,0.0020920752260687823,"{'colsample_bytree': np.float64(0.30175995778422626), 'gamma': np.float64(0.4455370035632915), 'learning_rate': np.float64(1.4879992525728771), 'max_depth': 22, 'min_child_weight': 18, 'n_estimators': 220, 'reg_alpha': np.float64(2.2225980475902345), 'reg_lambda': np.float64(2.391891184706176), 'subsample': np.float64(0.7258773348800687)}",0.30175995778422626,0.4455370035632915,1.4879992525728771,22,18,220,2.2225980475902345,2.391891184706176,0.7258773348800687
18,2,0.4131773017051968,0.028013268822439354,0.9881337925043383,0.0010937838459787086,"{'colsample_bytree': np.float64(0.646841954853424), 'gamma': np.float64(0.5879193457208234), 'learning_rate': np.float64(1.1213546573712636), 'max_depth': 37, 'min_child_weight': 6, 'n_estimators': 169, 'reg_alpha': np.float64(2.7308036730714447), 'reg_lambda': np.float64(3.9107909125964566), 'subsample': np.float64(0.6305647786925872)}",0.646841954853424,0.5879193457208234,1.1213546573712636,37,6,169,2.7308036730714447,3.9107909125964566,0.6305647786925872
18,3,0.3259687307424861,0.02716152387622345,0.9637088311975202,0.0024818755897508087,"{'colsample_bytree': np.float64(0.5151128091141288), 'gamma': np.float64(0.8884336248439715), 'learning_rate': np.float64(1.9037724828538585), 'max_depth': 23, 'min_child_weight': 15, 'n_estimators': 132, 'reg_alpha': np.float64(2.3000071726217794), 'reg_lambda': np.float64(2.57597592839781), 'subsample': np.float64(0.5277720336365004)}",0.5151128091141288,0.8884336248439715,1.9037724828538585,23,15,132,2.3000071726217794,2.57597592839781,0.5277720336365004
18,4,0.3842238372333976,0.037035944957521647,0.9994753324718502,0.0004295546699663989,"{'colsample_bytree': np.float64(0.6251000852234732), 'gamma': np.float64(0.28783369335510145), 'learning_rate': np.float64(1.4693539656787467), 'max_depth': 21, 'min_child_weight': 16, 'n_estimators': 228, 'reg_alpha': np.float64(1.6391570715165378), 'reg_lambda': np.float64(2.0771526818118904), 'subsample': np.float64(0.708894388472327)}",0.6251000852234732,0.28783369335510145,1.4693539656787467,21,16,228,1.6391570715165378,2.0771526818118904,0.708894388472327
19,0,0.344080869603412,0.02548894757021184,0.9901167104738494,0.0015986495625589332,"{'colsample_bytree': np.float64(0.3356067908557233), 'gamma': np.float64(0.34741954319096785), 'learning_rate': np.float64(1.677669174417693), 'max_depth': 34, 'min_child_weight': 7, 'n_estimators': 131, 'reg_alpha': np.float64(2.1570656220036435), 'reg_lambda': np.float64(3.2397051281219484), 'subsample': np.float64(0.403252887807538)}",0.3356067908557233,0.34741954319096785,1.677669174417693,34,7,131,2.1570656220036435,3.2397051281219484,0.403252887807538
19,1,0.367742405509441,0.01998360379683369,0.9976046482079808,0.00089746638404468,"{'colsample_bytree': np.float64(0.45398767112338406), 'gamma': np.float64(0.2406093637682512), 'learning_rate': np.float64(1.5620348072169652), 'max_depth': 13, 'min_child_weight': 7, 'n_estimators': 147, 'reg_alpha': np.float64(2.0864082826089856), 'reg_lambda': np.float64(2.7241886185698885), 'subsample': np.float64(0.5464472537819256)}",0.45398767112338406,0.2406093637682512,1.5620348072169652,13,7,147,2.0864082826089856,2.7241886185698885,0.5464472537819256
19,2,0.45397012294769884,0.015242685595403802,0.9996861154771907,0.0006277690456189422,"{'colsample_bytree': np.float64(0.4812713980971651), 'gamma': np.float64(0.3118303248999936), 'learning_rate': np.float64(0.9599270908857264), 'max_depth': 18, 'min_child_weight': 6, 'n_estimators': 109, 'reg_alpha': np.float64(1.6889633200931629), 'reg_lambda': np.float64(3.9637445009762837), 'subsample': np.float64(0.8530112023941936)}",0.4812713980971651,0.3118303248999936,0.9599270908857264,18,6,109,1.6889633200931629,3.9637445009762837,0.8530112023941936
19,3,0.39882857986558556,0.01626147553988404,0.9879781291170874,0.000379179736022419,"{'colsample_bytree': np.float64(0.5490625944037997), 'gamma': np.float64(0.6767014728498988), 'learning_rate': np.float64(1.3871388932975557), 'max_depth': 24, 'min_child_weight': 17, 'n_estimators': 174, 'reg_alpha': np.float64(2.0862773773807843), 'reg_lambda': np.float64(4.201751765858063), 'subsample': np.float64(0.7870589036263256)}",0.5490625944037997,0.6767014728498988,1.3871388932975557,24,17,174,2.0862773773807843,4.201751765858063,0.7870589036263256
19,4,0.42530966082201793,0.020557605909181535,0.9907996879881791,0.0028474031983472493,"{'colsample_bytree': np.float64(0.4200185870752978), 'gamma': np.float64(0.8060058982807623), 'learning_rate': np.float64(1.1211112457074377), 'max_depth': 35, 'min_child_weight': 7, 'n_estimators': 249, 'reg_alpha': np.float64(1.7888117381226274), 'reg_lambda': np.float64(4.250259891060381), 'subsample': np.float64(0.6123639743437006)}",0.4200185870752978,0.8060058982807623,1.1211112457074377,35,7,249,1.7888117381226274,4.250259891060381,0.6123639743437006
