search_idx,iteration,mean_test_score,std_test_score,mean_train_score,std_train_score,params,activation,alpha,hidden_layer_sizes,learning_rate,learning_rate_init,max_iter,solver
0,0,0.09925780506043665,0.02815402163421893,0.5244295122639604,0.2182686011951753,"{'activation': 'tanh', 'alpha': np.float64(0.005853073532436096), 'hidden_layer_sizes': (1024,), 'learning_rate': 'constant', 'learning_rate_init': np.float64(0.009611657762871043), 'max_iter': 325, 'solver': 'adam'}",tanh,0.005853073532436096,"(1024,)",constant,0.009611657762871043,325,adam
0,1,0.03479333003044294,0.01332346365858176,0.03644691532013887,0.015637875767865135,"{'activation': 'logistic', 'alpha': np.float64(0.02755779776516517), 'hidden_layer_sizes': (512, 256, 128), 'learning_rate': 'invscaling', 'learning_rate_init': np.float64(0.00021438478029820363), 'max_iter': 767, 'solver': 'adam'}",logistic,0.02755779776516517,"(512, 256, 128)",invscaling,0.00021438478029820363,767,adam
0,2,0.1919601623007196,0.03723131111573174,0.8474559161566344,0.16326997433732562,"{'activation': 'tanh', 'alpha': np.float64(0.0038981942535606688), 'hidden_layer_sizes': (512, 512, 256), 'learning_rate': 'adaptive', 'learning_rate_init': np.float64(0.001292725340562425), 'max_iter': 721, 'solver': 'adam'}",tanh,0.0038981942535606688,"(512, 512, 256)",adaptive,0.001292725340562425,721,adam
0,3,,,,,"{'activation': 'logistic', 'alpha': np.float64(0.0005129449227997143), 'hidden_layer_sizes': (2048, 256), 'learning_rate': 'adaptive', 'learning_rate_init': np.float64(0.006315561073938278), 'max_iter': 443, 'solver': 'lbfgs'}",logistic,0.0005129449227997143,"(2048, 256)",adaptive,0.006315561073938278,443,lbfgs
0,4,0.07662615162615163,0.03154902243112768,0.0788274396331316,0.0031483151669913214,"{'activation': 'tanh', 'alpha': np.float64(0.00011374359897235189), 'hidden_layer_sizes': (768, 256), 'learning_rate': 'invscaling', 'learning_rate_init': np.float64(0.00015086163421367817), 'max_iter': 306, 'solver': 'sgd'}",tanh,0.00011374359897235189,"(768, 256)",invscaling,0.00015086163421367817,306,sgd
1,0,0.2601201032369763,0.09646542088130869,1.0,0.0,"{'activation': 'logistic', 'alpha': np.float64(0.007163555906930582), 'hidden_layer_sizes': (1024, 128), 'learning_rate': 'constant', 'learning_rate_init': np.float64(0.021849910194858865), 'max_iter': 488, 'solver': 'lbfgs'}",logistic,0.007163555906930582,"(1024, 128)",constant,0.021849910194858865,488,lbfgs
1,1,0.03868088271765159,0.018553581902090818,0.03522245919059282,0.010152356260154418,"{'activation': 'logistic', 'alpha': np.float64(0.0009297370455850286), 'hidden_layer_sizes': (1024, 256, 128), 'learning_rate': 'constant', 'learning_rate_init': np.float64(0.0579742078436942), 'max_iter': 324, 'solver': 'sgd'}",logistic,0.0009297370455850286,"(1024, 256, 128)",constant,0.0579742078436942,324,sgd
1,2,0.41542379911110566,0.06955401543990995,0.934536372071044,0.036942128305903675,"{'activation': 'relu', 'alpha': np.float64(0.0074917988036830654), 'hidden_layer_sizes': (768, 512, 256), 'learning_rate': 'constant', 'learning_rate_init': np.float64(0.00014086107277772272), 'max_iter': 480, 'solver': 'adam'}",relu,0.0074917988036830654,"(768, 512, 256)",constant,0.00014086107277772272,480,adam
1,3,0.47398705542823194,0.07024047335582649,1.0,0.0,"{'activation': 'relu', 'alpha': np.float64(5.852658835414541e-05), 'hidden_layer_sizes': (768, 256), 'learning_rate': 'constant', 'learning_rate_init': np.float64(0.056846086131872406), 'max_iter': 461, 'solver': 'lbfgs'}",relu,5.852658835414541e-05,"(768, 256)",constant,0.056846086131872406,461,lbfgs
1,4,0.18027333356358125,0.049895134078392155,1.0,0.0,"{'activation': 'tanh', 'alpha': np.float64(0.0074213610886633445), 'hidden_layer_sizes': (512, 256), 'learning_rate': 'invscaling', 'learning_rate_init': np.float64(0.09399119851572776), 'max_iter': 228, 'solver': 'lbfgs'}",tanh,0.0074213610886633445,"(512, 256)",invscaling,0.09399119851572776,228,lbfgs
2,0,0.4771181713023819,0.08869686963587657,1.0,0.0,"{'activation': 'relu', 'alpha': np.float64(5.861933723810322e-05), 'hidden_layer_sizes': (1024, 512), 'learning_rate': 'constant', 'learning_rate_init': np.float64(0.00032586426536327837), 'max_iter': 222, 'solver': 'lbfgs'}",relu,5.861933723810322e-05,"(1024, 512)",constant,0.00032586426536327837,222,lbfgs
2,1,0.21805502005734204,0.050380489945460946,1.0,0.0,"{'activation': 'logistic', 'alpha': np.float64(0.09541551452254773), 'hidden_layer_sizes': (768, 512, 256), 'learning_rate': 'adaptive', 'learning_rate_init': np.float64(0.08465878801653542), 'max_iter': 708, 'solver': 'lbfgs'}",logistic,0.09541551452254773,"(768, 512, 256)",adaptive,0.08465878801653542,708,lbfgs
2,2,0.14093246657023745,0.04249225243823965,0.3350353926045578,0.0749993799999196,"{'activation': 'tanh', 'alpha': np.float64(0.07400687480626696), 'hidden_layer_sizes': (1024, 384), 'learning_rate': 'invscaling', 'learning_rate_init': np.float64(0.06691990306608274), 'max_iter': 553, 'solver': 'sgd'}",tanh,0.07400687480626696,"(1024, 384)",invscaling,0.06691990306608274,553,sgd
2,3,0.039882173558644145,0.01343379877004404,0.049624724355243274,0.019824646421580435,"{'activation': 'logistic', 'alpha': np.float64(0.00024305067509520142), 'hidden_layer_sizes': (1024, 256), 'learning_rate': 'constant', 'learning_rate_init': np.float64(0.031375002343931105), 'max_iter': 796, 'solver': 'sgd'}",logistic,0.00024305067509520142,"(1024, 256)",constant,0.031375002343931105,796,sgd
2,4,0.16611375197318798,0.06004657950529177,0.526547412711587,0.16366857958275738,"{'activation': 'logistic', 'alpha': np.float64(0.06498417449506358), 'hidden_layer_sizes': (256,), 'learning_rate': 'adaptive', 'learning_rate_init': np.float64(0.0027565116419668288), 'max_iter': 692, 'solver': 'adam'}",logistic,0.06498417449506358,"(256,)",adaptive,0.0027565116419668288,692,adam
3,0,,,,,"{'activation': 'relu', 'alpha': np.float64(0.005004074657754585), 'hidden_layer_sizes': (2048, 512, 256), 'learning_rate': 'invscaling', 'learning_rate_init': np.float64(0.000139739564928874), 'max_iter': 623, 'solver': 'lbfgs'}",relu,0.005004074657754585,"(2048, 512, 256)",invscaling,0.000139739564928874,623,lbfgs
3,1,0.1395038061353851,0.04874978456037926,0.5664592509602315,0.29160157314108914,"{'activation': 'tanh', 'alpha': np.float64(0.00016499641026683018), 'hidden_layer_sizes': (1024, 256), 'learning_rate': 'adaptive', 'learning_rate_init': np.float64(0.01574716305625881), 'max_iter': 458, 'solver': 'sgd'}",tanh,0.00016499641026683018,"(1024, 256)",adaptive,0.01574716305625881,458,sgd
3,2,0.08418956789833759,0.023477418076981522,0.15774382453754257,0.04750353548612928,"{'activation': 'tanh', 'alpha': np.float64(1.6649105742730303e-05), 'hidden_layer_sizes': (2048, 256), 'learning_rate': 'invscaling', 'learning_rate_init': np.float64(0.08938107974041277), 'max_iter': 368, 'solver': 'adam'}",tanh,1.6649105742730303e-05,"(2048, 256)",invscaling,0.08938107974041277,368,adam
3,3,0.031979797979797976,0.0012331509060227765,0.03198195488721804,0.00013904151135908386,"{'activation': 'logistic', 'alpha': np.float64(2.4700970230064415e-05), 'hidden_layer_sizes': (768, 512, 256), 'learning_rate': 'adaptive', 'learning_rate_init': np.float64(0.000742572528913373), 'max_iter': 254, 'solver': 'sgd'}",logistic,2.4700970230064415e-05,"(768, 512, 256)",adaptive,0.000742572528913373,254,sgd
3,4,0.04831376976174391,0.03250838669358312,0.054124721975284854,0.009505703831902391,"{'activation': 'relu', 'alpha': np.float64(0.00011246730479288188), 'hidden_layer_sizes': (512, 512, 256), 'learning_rate': 'invscaling', 'learning_rate_init': np.float64(0.000726784946771619), 'max_iter': 359, 'solver': 'sgd'}",relu,0.00011246730479288188,"(512, 512, 256)",invscaling,0.000726784946771619,359,sgd
4,0,0.17267266239092866,0.05742316404643581,1.0,0.0,"{'activation': 'logistic', 'alpha': np.float64(0.05453499986186606), 'hidden_layer_sizes': (512,), 'learning_rate': 'constant', 'learning_rate_init': np.float64(0.07229795916800756), 'max_iter': 717, 'solver': 'lbfgs'}",logistic,0.05453499986186606,"(512,)",constant,0.07229795916800756,717,lbfgs
4,1,0.17079958929958933,0.05589906111853657,0.3337450444502997,0.14914743968362468,"{'activation': 'tanh', 'alpha': np.float64(0.008539065746066611), 'hidden_layer_sizes': (1024, 512, 128), 'learning_rate': 'adaptive', 'learning_rate_init': np.float64(0.0006531474451155258), 'max_iter': 543, 'solver': 'sgd'}",tanh,0.008539065746066611,"(1024, 512, 128)",adaptive,0.0006531474451155258,543,sgd
4,2,0.037604835291187806,0.008048573465258125,0.04485472255226052,0.017211583097296552,"{'activation': 'logistic', 'alpha': np.float64(1.5541636376851398e-05), 'hidden_layer_sizes': (512, 256), 'learning_rate': 'constant', 'learning_rate_init': np.float64(0.027144158354822364), 'max_iter': 243, 'solver': 'sgd'}",logistic,1.5541636376851398e-05,"(512, 256)",constant,0.027144158354822364,243,sgd
4,3,0.05691508917809941,0.013148627245306289,0.06522624026642103,0.010504551895453256,"{'activation': 'logistic', 'alpha': np.float64(0.0003189789653077745), 'hidden_layer_sizes': (512, 256), 'learning_rate': 'constant', 'learning_rate_init': np.float64(0.0001309653345188077), 'max_iter': 217, 'solver': 'adam'}",logistic,0.0003189789653077745,"(512, 256)",constant,0.0001309653345188077,217,adam
4,4,0.4354763977852213,0.05884798275467417,1.0,0.0,"{'activation': 'relu', 'alpha': np.float64(2.3312782167462485e-05), 'hidden_layer_sizes': (128,), 'learning_rate': 'constant', 'learning_rate_init': np.float64(0.004254296635037282), 'max_iter': 682, 'solver': 'lbfgs'}",relu,2.3312782167462485e-05,"(128,)",constant,0.004254296635037282,682,lbfgs
5,0,0.41245016326982264,0.09380733384067251,0.9049824569467317,0.04427946289746938,"{'activation': 'relu', 'alpha': np.float64(0.005717861868507831), 'hidden_layer_sizes': (768, 256), 'learning_rate': 'constant', 'learning_rate_init': np.float64(0.006234135795723071), 'max_iter': 639, 'solver': 'sgd'}",relu,0.005717861868507831,"(768, 256)",constant,0.006234135795723071,639,sgd
5,1,0.0976582338370264,0.02187544770545707,0.18591745160239254,0.0689104207079507,"{'activation': 'relu', 'alpha': np.float64(0.0019000526965343857), 'hidden_layer_sizes': (2048, 512, 256), 'learning_rate': 'adaptive', 'learning_rate_init': np.float64(0.00011337001200853457), 'max_iter': 420, 'solver': 'sgd'}",relu,0.0019000526965343857,"(2048, 512, 256)",adaptive,0.00011337001200853457,420,sgd
5,2,0.1449114839408957,0.05207792103905209,1.0,0.0,"{'activation': 'tanh', 'alpha': np.float64(0.0007728015050508956), 'hidden_layer_sizes': (2048,), 'learning_rate': 'adaptive', 'learning_rate_init': np.float64(0.011346126090354604), 'max_iter': 643, 'solver': 'lbfgs'}",tanh,0.0007728015050508956,"(2048,)",adaptive,0.011346126090354604,643,lbfgs
5,3,0.22133716034567427,0.045951577326491244,1.0,0.0,"{'activation': 'logistic', 'alpha': np.float64(0.03094300578679668), 'hidden_layer_sizes': (1024, 512), 'learning_rate': 'adaptive', 'learning_rate_init': np.float64(0.0022939734317445628), 'max_iter': 574, 'solver': 'lbfgs'}",logistic,0.03094300578679668,"(1024, 512)",adaptive,0.0022939734317445628,574,lbfgs
5,4,0.04466682985580549,0.014095953674132189,0.1301388758867412,0.0433550831863,"{'activation': 'tanh', 'alpha': np.float64(0.06268194395518857), 'hidden_layer_sizes': (2048, 512, 256), 'learning_rate': 'constant', 'learning_rate_init': np.float64(0.04134733396489009), 'max_iter': 201, 'solver': 'adam'}",tanh,0.06268194395518857,"(2048, 512, 256)",constant,0.04134733396489009,201,adam
6,0,0.09161899211899213,0.03310039187379503,0.1080864059491172,0.00590033935499899,"{'activation': 'tanh', 'alpha': np.float64(0.00025408578167800697), 'hidden_layer_sizes': (1024, 256), 'learning_rate': 'invscaling', 'learning_rate_init': np.float64(0.0004424643436728736), 'max_iter': 524, 'solver': 'sgd'}",tanh,0.00025408578167800697,"(1024, 256)",invscaling,0.0004424643436728736,524,sgd
6,1,0.15383369605970226,0.056010515352089306,0.766397827360248,0.2296723515609386,"{'activation': 'tanh', 'alpha': np.float64(0.06137287048983176), 'hidden_layer_sizes': (1024, 512, 128), 'learning_rate': 'constant', 'learning_rate_init': np.float64(0.023820662491595077), 'max_iter': 406, 'solver': 'sgd'}",tanh,0.06137287048983176,"(1024, 512, 128)",constant,0.023820662491595077,406,sgd
6,2,0.16592257415786826,0.0580263639758324,0.723775600713306,0.16773691010983627,"{'activation': 'tanh', 'alpha': np.float64(0.0003762674833214624), 'hidden_layer_sizes': (512, 256, 128), 'learning_rate': 'adaptive', 'learning_rate_init': np.float64(0.0007544006398885417), 'max_iter': 475, 'solver': 'adam'}",tanh,0.0003762674833214624,"(512, 256, 128)",adaptive,0.0007544006398885417,475,adam
6,3,0.22380584487975788,0.09946034893619236,0.4750433260055531,0.19891183312447233,"{'activation': 'relu', 'alpha': np.float64(2.332186329184798e-05), 'hidden_layer_sizes': (1024, 512, 128), 'learning_rate': 'constant', 'learning_rate_init': np.float64(0.00040539824920825626), 'max_iter': 329, 'solver': 'sgd'}",relu,2.332186329184798e-05,"(1024, 512, 128)",constant,0.00040539824920825626,329,sgd
6,4,0.47073754908662035,0.07468597536237985,1.0,0.0,"{'activation': 'relu', 'alpha': np.float64(2.999724259419754e-05), 'hidden_layer_sizes': (2048, 256), 'learning_rate': 'constant', 'learning_rate_init': np.float64(0.0009499699329640356), 'max_iter': 243, 'solver': 'lbfgs'}",relu,2.999724259419754e-05,"(2048, 256)",constant,0.0009499699329640356,243,lbfgs
7,0,0.12875794140500024,0.05716624400881409,0.4145248439198811,0.24657366335635736,"{'activation': 'tanh', 'alpha': np.float64(0.00021909403707570232), 'hidden_layer_sizes': (512,), 'learning_rate': 'constant', 'learning_rate_init': np.float64(0.0022190867129287008), 'max_iter': 587, 'solver': 'sgd'}",tanh,0.00021909403707570232,"(512,)",constant,0.0022190867129287008,587,sgd
7,1,0.1637458260693555,0.040961668824842125,0.8432268461886252,0.08834251173656814,"{'activation': 'tanh', 'alpha': np.float64(0.005479590397162863), 'hidden_layer_sizes': (1024,), 'learning_rate': 'adaptive', 'learning_rate_init': np.float64(0.05629182812153816), 'max_iter': 524, 'solver': 'sgd'}",tanh,0.005479590397162863,"(1024,)",adaptive,0.05629182812153816,524,sgd
7,2,0.1841960947549183,0.06779787276225485,1.0,0.0,"{'activation': 'tanh', 'alpha': np.float64(0.0011890893346803593), 'hidden_layer_sizes': (768, 512, 256), 'learning_rate': 'constant', 'learning_rate_init': np.float64(0.0009404783090382972), 'max_iter': 461, 'solver': 'lbfgs'}",tanh,0.0011890893346803593,"(768, 512, 256)",constant,0.0009404783090382972,461,lbfgs
7,3,0.12602417843594313,0.0401968344770466,0.3701835493262405,0.13930540952929493,"{'activation': 'tanh', 'alpha': np.float64(2.9517469780952734e-05), 'hidden_layer_sizes': (256,), 'learning_rate': 'constant', 'learning_rate_init': np.float64(0.001853522902863684), 'max_iter': 315, 'solver': 'sgd'}",tanh,2.9517469780952734e-05,"(256,)",constant,0.001853522902863684,315,sgd
7,4,0.15183682983682983,0.02496787640222686,0.32150296522659094,0.04555144414893868,"{'activation': 'tanh', 'alpha': np.float64(0.0003542779260537884), 'hidden_layer_sizes': (768, 512, 256), 'learning_rate': 'invscaling', 'learning_rate_init': np.float64(0.009517660533704744), 'max_iter': 290, 'solver': 'sgd'}",tanh,0.0003542779260537884,"(768, 512, 256)",invscaling,0.009517660533704744,290,sgd
8,0,0.15874848219413437,0.04590623103906688,0.49844030516037385,0.2052058368866895,"{'activation': 'tanh', 'alpha': np.float64(1.9695809803800023e-05), 'hidden_layer_sizes': (512, 512, 256), 'learning_rate': 'constant', 'learning_rate_init': np.float64(0.0061528713327261625), 'max_iter': 775, 'solver': 'adam'}",tanh,1.9695809803800023e-05,"(512, 512, 256)",constant,0.0061528713327261625,775,adam
8,1,0.1782153445969235,0.052002168206065104,1.0,0.0,"{'activation': 'tanh', 'alpha': np.float64(0.034420130262130554), 'hidden_layer_sizes': (1024, 512), 'learning_rate': 'invscaling', 'learning_rate_init': np.float64(0.011928428671881005), 'max_iter': 749, 'solver': 'lbfgs'}",tanh,0.034420130262130554,"(1024, 512)",invscaling,0.011928428671881005,749,lbfgs
8,2,0.4389115051615051,0.05834847823110024,1.0,0.0,"{'activation': 'relu', 'alpha': np.float64(0.0009358956609046789), 'hidden_layer_sizes': (128,), 'learning_rate': 'constant', 'learning_rate_init': np.float64(0.0008735663444253409), 'max_iter': 754, 'solver': 'lbfgs'}",relu,0.0009358956609046789,"(128,)",constant,0.0008735663444253409,754,lbfgs
8,3,0.24511147478208944,0.07445028635517005,0.5435109654535724,0.13793881585214068,"{'activation': 'logistic', 'alpha': np.float64(0.002803715385602701), 'hidden_layer_sizes': (1024, 512), 'learning_rate': 'constant', 'learning_rate_init': np.float64(0.005848250353011718), 'max_iter': 356, 'solver': 'adam'}",logistic,0.002803715385602701,"(1024, 512)",constant,0.005848250353011718,356,adam
8,4,0.1849384122555478,0.08455935155568735,0.3700592216082855,0.17126736923950497,"{'activation': 'relu', 'alpha': np.float64(0.00018589563568787145), 'hidden_layer_sizes': (2048,), 'learning_rate': 'adaptive', 'learning_rate_init': np.float64(0.00016463751405398967), 'max_iter': 641, 'solver': 'sgd'}",relu,0.00018589563568787145,"(2048,)",adaptive,0.00016463751405398967,641,sgd
9,0,0.16665937072903017,0.042345564739399,1.0,0.0,"{'activation': 'tanh', 'alpha': np.float64(4.059003452055962e-05), 'hidden_layer_sizes': (512, 256, 128), 'learning_rate': 'adaptive', 'learning_rate_init': np.float64(0.010866783257234716), 'max_iter': 737, 'solver': 'lbfgs'}",tanh,4.059003452055962e-05,"(512, 256, 128)",adaptive,0.010866783257234716,737,lbfgs
9,1,0.027630224209171578,0.017088041249873422,0.02753291900779007,0.002760867244304382,"{'activation': 'logistic', 'alpha': np.float64(0.00866337611973471), 'hidden_layer_sizes': (128,), 'learning_rate': 'adaptive', 'learning_rate_init': np.float64(0.000107158925441012), 'max_iter': 364, 'solver': 'sgd'}",logistic,0.00866337611973471,"(128,)",adaptive,0.000107158925441012,364,sgd
9,2,0.11120921454200076,0.07035304690022853,0.2803293087865243,0.17108376463768588,"{'activation': 'logistic', 'alpha': np.float64(0.010353819978935702), 'hidden_layer_sizes': (512,), 'learning_rate': 'constant', 'learning_rate_init': np.float64(0.00028479661239372), 'max_iter': 636, 'solver': 'adam'}",logistic,0.010353819978935702,"(512,)",constant,0.00028479661239372,636,adam
9,3,0.1537230199109456,0.10325898654462792,0.4360449157666131,0.22031779174025418,"{'activation': 'logistic', 'alpha': np.float64(0.0002375737269806288), 'hidden_layer_sizes': (1024, 128), 'learning_rate': 'adaptive', 'learning_rate_init': np.float64(0.0017787359802875614), 'max_iter': 610, 'solver': 'adam'}",logistic,0.0002375737269806288,"(1024, 128)",adaptive,0.0017787359802875614,610,adam
9,4,0.21612885113968705,0.07406046784007651,0.5011662186980599,0.12421524270647305,"{'activation': 'relu', 'alpha': np.float64(0.00016168920270912457), 'hidden_layer_sizes': (1024, 512), 'learning_rate': 'adaptive', 'learning_rate_init': np.float64(0.00026651854459948594), 'max_iter': 252, 'solver': 'sgd'}",relu,0.00016168920270912457,"(1024, 512)",adaptive,0.00026651854459948594,252,sgd
10,0,0.04395616079826606,0.015277532217421274,0.046925317556151494,0.01855288685113958,"{'activation': 'logistic', 'alpha': np.float64(1.1032970275819551e-05), 'hidden_layer_sizes': (1024, 384), 'learning_rate': 'constant', 'learning_rate_init': np.float64(0.014830332509251786), 'max_iter': 568, 'solver': 'adam'}",logistic,1.1032970275819551e-05,"(1024, 384)",constant,0.014830332509251786,568,adam
10,1,0.1643628499123855,0.0485457509863803,1.0,0.0,"{'activation': 'tanh', 'alpha': np.float64(0.009663616998591716), 'hidden_layer_sizes': (128,), 'learning_rate': 'adaptive', 'learning_rate_init': np.float64(0.00010492299909792319), 'max_iter': 373, 'solver': 'lbfgs'}",tanh,0.009663616998591716,"(128,)",adaptive,0.00010492299909792319,373,lbfgs
10,2,0.08279533237851894,0.04947308464002362,0.16528427965037246,0.10767029540824519,"{'activation': 'logistic', 'alpha': np.float64(0.00115131919975941), 'hidden_layer_sizes': (768, 256), 'learning_rate': 'adaptive', 'learning_rate_init': np.float64(0.09070374367751953), 'max_iter': 201, 'solver': 'sgd'}",logistic,0.00115131919975941,"(768, 256)",adaptive,0.09070374367751953,201,sgd
10,3,0.1667289025903577,0.06085384600113795,1.0,0.0,"{'activation': 'logistic', 'alpha': np.float64(8.12927378986589e-05), 'hidden_layer_sizes': (256,), 'learning_rate': 'invscaling', 'learning_rate_init': np.float64(0.0353045196544954), 'max_iter': 695, 'solver': 'lbfgs'}",logistic,8.12927378986589e-05,"(256,)",invscaling,0.0353045196544954,695,lbfgs
10,4,0.03369245540048983,0.01577451569649213,0.03262855861675187,0.013624393356216373,"{'activation': 'logistic', 'alpha': np.float64(0.07149568792046904), 'hidden_layer_sizes': (1024, 1024, 256), 'learning_rate': 'constant', 'learning_rate_init': np.float64(0.00010955978609199605), 'max_iter': 372, 'solver': 'adam'}",logistic,0.07149568792046904,"(1024, 1024, 256)",constant,0.00010955978609199605,372,adam
11,0,0.09950273582626525,0.05578002379537067,0.4063707178876198,0.1718769378901751,"{'activation': 'tanh', 'alpha': np.float64(0.000570683504383664), 'hidden_layer_sizes': (1024,), 'learning_rate': 'constant', 'learning_rate_init': np.float64(0.0708713766874201), 'max_iter': 302, 'solver': 'adam'}",tanh,0.000570683504383664,"(1024,)",constant,0.0708713766874201,302,adam
11,1,0.17671056308672406,0.05723402929234888,1.0,0.0,"{'activation': 'tanh', 'alpha': np.float64(5.5932648805095904e-05), 'hidden_layer_sizes': (1024, 384), 'learning_rate': 'adaptive', 'learning_rate_init': np.float64(0.014282489099555203), 'max_iter': 426, 'solver': 'lbfgs'}",tanh,5.5932648805095904e-05,"(1024, 384)",adaptive,0.014282489099555203,426,lbfgs
11,2,0.4955423407002354,0.03836976106535285,1.0,0.0,"{'activation': 'relu', 'alpha': np.float64(0.0001141334492292961), 'hidden_layer_sizes': (1024, 256), 'learning_rate': 'adaptive', 'learning_rate_init': np.float64(0.0025607602865927964), 'max_iter': 677, 'solver': 'lbfgs'}",relu,0.0001141334492292961,"(1024, 256)",adaptive,0.0025607602865927964,677,lbfgs
11,3,0.04255667351704104,0.01606452664775825,0.05598091196252264,0.01932566458885161,"{'activation': 'logistic', 'alpha': np.float64(1.4325182187546226e-05), 'hidden_layer_sizes': (1024, 256, 128), 'learning_rate': 'adaptive', 'learning_rate_init': np.float64(0.00014645457980397788), 'max_iter': 776, 'solver': 'adam'}",logistic,1.4325182187546226e-05,"(1024, 256, 128)",adaptive,0.00014645457980397788,776,adam
11,4,0.49371432815550464,0.06806448835856904,0.9436224870453614,0.01696800528573671,"{'activation': 'relu', 'alpha': np.float64(0.0658644452295932), 'hidden_layer_sizes': (1024, 256, 128), 'learning_rate': 'adaptive', 'learning_rate_init': np.float64(0.0008090161924604629), 'max_iter': 404, 'solver': 'adam'}",relu,0.0658644452295932,"(1024, 256, 128)",adaptive,0.0008090161924604629,404,adam
12,0,0.14426540126540127,0.066675486140008,0.4102914162364585,0.1422565192639017,"{'activation': 'tanh', 'alpha': np.float64(0.002064250959917055), 'hidden_layer_sizes': (1024, 384), 'learning_rate': 'adaptive', 'learning_rate_init': np.float64(0.0014594605285324406), 'max_iter': 605, 'solver': 'sgd'}",tanh,0.002064250959917055,"(1024, 384)",adaptive,0.0014594605285324406,605,sgd
12,1,0.1354541096158743,0.06058949551228796,0.3444459342578895,0.06881561196785793,"{'activation': 'tanh', 'alpha': np.float64(0.0009224580727365118), 'hidden_layer_sizes': (2048, 256), 'learning_rate': 'invscaling', 'learning_rate_init': np.float64(0.00952095081367977), 'max_iter': 442, 'solver': 'sgd'}",tanh,0.0009224580727365118,"(2048, 256)",invscaling,0.00952095081367977,442,sgd
12,2,0.07356962481962483,0.04146481523452028,0.08323856103599221,0.005066382277201842,"{'activation': 'tanh', 'alpha': np.float64(0.00044670533658753013), 'hidden_layer_sizes': (1024, 384), 'learning_rate': 'invscaling', 'learning_rate_init': np.float64(0.0001347222771355006), 'max_iter': 629, 'solver': 'sgd'}",tanh,0.00044670533658753013,"(1024, 384)",invscaling,0.0001347222771355006,629,sgd
12,3,0.1667289025903577,0.06085384600113795,1.0,0.0,"{'activation': 'logistic', 'alpha': np.float64(1.4862491954807982e-05), 'hidden_layer_sizes': (256,), 'learning_rate': 'adaptive', 'learning_rate_init': np.float64(0.00016986694204157733), 'max_iter': 296, 'solver': 'lbfgs'}",logistic,1.4862491954807982e-05,"(256,)",adaptive,0.00016986694204157733,296,lbfgs
12,4,0.028359333551052208,0.005074961528970284,0.02861357361231497,0.005209096476415596,"{'activation': 'logistic', 'alpha': np.float64(8.460554921567678e-05), 'hidden_layer_sizes': (2048, 512, 256), 'learning_rate': 'constant', 'learning_rate_init': np.float64(0.00391635600491218), 'max_iter': 661, 'solver': 'sgd'}",logistic,8.460554921567678e-05,"(2048, 512, 256)",constant,0.00391635600491218,661,sgd
13,0,0.07723797554202169,0.0736366178523627,0.08926502520439204,0.07952913706747956,"{'activation': 'logistic', 'alpha': np.float64(0.03400150929220051), 'hidden_layer_sizes': (1024, 384), 'learning_rate': 'invscaling', 'learning_rate_init': np.float64(0.00018335750324444504), 'max_iter': 536, 'solver': 'adam'}",logistic,0.03400150929220051,"(1024, 384)",invscaling,0.00018335750324444504,536,adam
13,1,0.20906567288920228,0.05542658095702313,1.0,0.0,"{'activation': 'logistic', 'alpha': np.float64(0.0007448425868478411), 'hidden_layer_sizes': (1024, 384), 'learning_rate': 'invscaling', 'learning_rate_init': np.float64(0.00020427894218075254), 'max_iter': 301, 'solver': 'lbfgs'}",logistic,0.0007448425868478411,"(1024, 384)",invscaling,0.00020427894218075254,301,lbfgs
13,2,0.41627561112777833,0.06475273580012282,0.9191155529553114,0.06071524683283357,"{'activation': 'relu', 'alpha': np.float64(1.4197888545566238e-05), 'hidden_layer_sizes': (768, 512, 256), 'learning_rate': 'constant', 'learning_rate_init': np.float64(0.006565654303903931), 'max_iter': 480, 'solver': 'adam'}",relu,1.4197888545566238e-05,"(768, 512, 256)",constant,0.006565654303903931,480,adam
13,3,0.04748666329856261,0.021105530779152698,0.06558441883192992,0.02263065179599694,"{'activation': 'logistic', 'alpha': np.float64(6.96765971885e-05), 'hidden_layer_sizes': (128,), 'learning_rate': 'adaptive', 'learning_rate_init': np.float64(0.0003401529115253348), 'max_iter': 467, 'solver': 'sgd'}",logistic,6.96765971885e-05,"(128,)",adaptive,0.0003401529115253348,467,sgd
13,4,0.10949411074858646,0.05643923083424864,0.4048939339768383,0.25620928003983806,"{'activation': 'tanh', 'alpha': np.float64(0.059695708223533615), 'hidden_layer_sizes': (1024, 1024, 256), 'learning_rate': 'constant', 'learning_rate_init': np.float64(0.004811558913070738), 'max_iter': 445, 'solver': 'adam'}",tanh,0.059695708223533615,"(1024, 1024, 256)",constant,0.004811558913070738,445,adam
14,0,0.4540060919472683,0.07543627301251124,0.9337395897279797,0.04360575831273531,"{'activation': 'relu', 'alpha': np.float64(7.584328798159425e-05), 'hidden_layer_sizes': (1024, 512, 256), 'learning_rate': 'constant', 'learning_rate_init': np.float64(0.00192267627148614), 'max_iter': 260, 'solver': 'adam'}",relu,7.584328798159425e-05,"(1024, 512, 256)",constant,0.00192267627148614,260,adam
14,1,0.03062127505065678,0.0033674183945037613,0.035695656929309746,0.0059785297070560585,"{'activation': 'logistic', 'alpha': np.float64(2.5500259701236874e-05), 'hidden_layer_sizes': (1024,), 'learning_rate': 'invscaling', 'learning_rate_init': np.float64(0.009027189287485651), 'max_iter': 630, 'solver': 'sgd'}",logistic,2.5500259701236874e-05,"(1024,)",invscaling,0.009027189287485651,630,sgd
14,2,0.4771181713023819,0.08869686963587657,1.0,0.0,"{'activation': 'relu', 'alpha': np.float64(3.2182794201188414e-05), 'hidden_layer_sizes': (1024, 512), 'learning_rate': 'adaptive', 'learning_rate_init': np.float64(0.000612328330536641), 'max_iter': 292, 'solver': 'lbfgs'}",relu,3.2182794201188414e-05,"(1024, 512)",adaptive,0.000612328330536641,292,lbfgs
14,3,0.030555439141148083,0.01704654733356885,0.04374501475790701,0.015156972428073266,"{'activation': 'relu', 'alpha': np.float64(0.000724299080499905), 'hidden_layer_sizes': (1024, 256), 'learning_rate': 'constant', 'learning_rate_init': np.float64(0.0399112134198311), 'max_iter': 411, 'solver': 'adam'}",relu,0.000724299080499905,"(1024, 256)",constant,0.0399112134198311,411,adam
14,4,0.1759269749857985,0.07196912817758659,0.607527062208113,0.17875367071393108,"{'activation': 'tanh', 'alpha': np.float64(0.009799618821426716), 'hidden_layer_sizes': (128,), 'learning_rate': 'adaptive', 'learning_rate_init': np.float64(0.011318774788703075), 'max_iter': 294, 'solver': 'sgd'}",tanh,0.009799618821426716,"(128,)",adaptive,0.011318774788703075,294,sgd
15,0,0.18777494401023814,0.0730279311628101,1.0,0.0,"{'activation': 'tanh', 'alpha': np.float64(0.07722147107044372), 'hidden_layer_sizes': (768, 512, 256), 'learning_rate': 'adaptive', 'learning_rate_init': np.float64(0.059523038561487863), 'max_iter': 563, 'solver': 'lbfgs'}",tanh,0.07722147107044372,"(768, 512, 256)",adaptive,0.059523038561487863,563,lbfgs
15,1,0.10674002713907142,0.037431505695892146,0.4664097140989054,0.1806770406696917,"{'activation': 'tanh', 'alpha': np.float64(0.016210721371851228), 'hidden_layer_sizes': (1024, 192), 'learning_rate': 'invscaling', 'learning_rate_init': np.float64(0.018702217006565103), 'max_iter': 646, 'solver': 'adam'}",tanh,0.016210721371851228,"(1024, 192)",invscaling,0.018702217006565103,646,adam
15,2,0.21832500832500834,0.05667211753002498,1.0,0.0,"{'activation': 'logistic', 'alpha': np.float64(0.013161457068321832), 'hidden_layer_sizes': (1024, 512, 256), 'learning_rate': 'constant', 'learning_rate_init': np.float64(0.003681316105117396), 'max_iter': 350, 'solver': 'lbfgs'}",logistic,0.013161457068321832,"(1024, 512, 256)",constant,0.003681316105117396,350,lbfgs
15,3,0.1793931054325791,0.040087389369433686,1.0,0.0,"{'activation': 'tanh', 'alpha': np.float64(2.7601517092216084e-05), 'hidden_layer_sizes': (1024, 192), 'learning_rate': 'adaptive', 'learning_rate_init': np.float64(0.0017065000332016143), 'max_iter': 289, 'solver': 'lbfgs'}",tanh,2.7601517092216084e-05,"(1024, 192)",adaptive,0.0017065000332016143,289,lbfgs
15,4,0.1564066374801669,0.046227709020540644,0.7219645802379101,0.18732193024154628,"{'activation': 'tanh', 'alpha': np.float64(0.02363667829150997), 'hidden_layer_sizes': (768, 512, 256), 'learning_rate': 'constant', 'learning_rate_init': np.float64(0.00020081746223260085), 'max_iter': 348, 'solver': 'adam'}",tanh,0.02363667829150997,"(768, 512, 256)",constant,0.00020081746223260085,348,adam
16,0,,,,,"{'activation': 'logistic', 'alpha': np.float64(0.0011635165224326567), 'hidden_layer_sizes': (2048, 512, 256), 'learning_rate': 'adaptive', 'learning_rate_init': np.float64(0.00022581068695033644), 'max_iter': 523, 'solver': 'lbfgs'}",logistic,0.0011635165224326567,"(2048, 512, 256)",adaptive,0.00022581068695033644,523,lbfgs
16,1,0.17957745032745032,0.0718920372249162,1.0,0.0,"{'activation': 'tanh', 'alpha': np.float64(0.015761838200953157), 'hidden_layer_sizes': (256,), 'learning_rate': 'invscaling', 'learning_rate_init': np.float64(0.0011281785040704176), 'max_iter': 317, 'solver': 'lbfgs'}",tanh,0.015761838200953157,"(256,)",invscaling,0.0011281785040704176,317,lbfgs
16,2,0.20265622612681433,0.058186789922588626,0.8018207551288808,0.1619980890807318,"{'activation': 'tanh', 'alpha': np.float64(0.014600971782667838), 'hidden_layer_sizes': (768, 512, 256), 'learning_rate': 'adaptive', 'learning_rate_init': np.float64(0.03862159720716089), 'max_iter': 713, 'solver': 'sgd'}",tanh,0.014600971782667838,"(768, 512, 256)",adaptive,0.03862159720716089,713,sgd
16,3,0.09524525474525476,0.040766781307439964,0.1233872119651328,0.02354007458238901,"{'activation': 'tanh', 'alpha': np.float64(0.005200637232149626), 'hidden_layer_sizes': (1024, 256), 'learning_rate': 'adaptive', 'learning_rate_init': np.float64(0.00011664367727585777), 'max_iter': 501, 'solver': 'sgd'}",tanh,0.005200637232149626,"(1024, 256)",adaptive,0.00011664367727585777,501,sgd
16,4,0.21815817515817515,0.07313507869856001,1.0,0.0,"{'activation': 'logistic', 'alpha': np.float64(2.8848011392036026e-05), 'hidden_layer_sizes': (768, 512, 256), 'learning_rate': 'invscaling', 'learning_rate_init': np.float64(0.0008857890007702066), 'max_iter': 711, 'solver': 'lbfgs'}",logistic,2.8848011392036026e-05,"(768, 512, 256)",invscaling,0.0008857890007702066,711,lbfgs
17,0,,,,,"{'activation': 'tanh', 'alpha': np.float64(0.002475424008940233), 'hidden_layer_sizes': (2048, 512, 256), 'learning_rate': 'invscaling', 'learning_rate_init': np.float64(0.008225722980907102), 'max_iter': 244, 'solver': 'lbfgs'}",tanh,0.002475424008940233,"(2048, 512, 256)",invscaling,0.008225722980907102,244,lbfgs
17,1,0.18898135198135196,0.051402573392189586,1.0,0.0,"{'activation': 'logistic', 'alpha': np.float64(3.9827282221492436e-05), 'hidden_layer_sizes': (512, 512, 256), 'learning_rate': 'adaptive', 'learning_rate_init': np.float64(0.005574916185553102), 'max_iter': 242, 'solver': 'lbfgs'}",logistic,3.9827282221492436e-05,"(512, 512, 256)",adaptive,0.005574916185553102,242,lbfgs
17,2,0.17264573171926112,0.05249813694563806,1.0,0.0,"{'activation': 'tanh', 'alpha': np.float64(0.0671793551818436), 'hidden_layer_sizes': (1024, 256), 'learning_rate': 'invscaling', 'learning_rate_init': np.float64(0.03655934681667734), 'max_iter': 287, 'solver': 'lbfgs'}",tanh,0.0671793551818436,"(1024, 256)",invscaling,0.03655934681667734,287,lbfgs
17,3,0.0823446643319439,0.03880447864101262,0.2385648815597309,0.08499827884793659,"{'activation': 'tanh', 'alpha': np.float64(1.7429432186945396e-05), 'hidden_layer_sizes': (512, 256), 'learning_rate': 'invscaling', 'learning_rate_init': np.float64(0.06488488601265847), 'max_iter': 359, 'solver': 'adam'}",tanh,1.7429432186945396e-05,"(512, 256)",invscaling,0.06488488601265847,359,adam
17,4,0.48401654417134293,0.04866926903321826,1.0,0.0,"{'activation': 'relu', 'alpha': np.float64(0.003339644078773217), 'hidden_layer_sizes': (512, 512, 256), 'learning_rate': 'constant', 'learning_rate_init': np.float64(0.0011169251535556159), 'max_iter': 751, 'solver': 'lbfgs'}",relu,0.003339644078773217,"(512, 512, 256)",constant,0.0011169251535556159,751,lbfgs
18,0,0.03627704582052407,0.01136498311841687,0.03926218738388819,0.01110812378568312,"{'activation': 'logistic', 'alpha': np.float64(0.002853901500876831), 'hidden_layer_sizes': (2048, 256), 'learning_rate': 'constant', 'learning_rate_init': np.float64(0.0022242018592856937), 'max_iter': 632, 'solver': 'sgd'}",logistic,0.002853901500876831,"(2048, 256)",constant,0.0022242018592856937,632,sgd
18,1,0.10684913040176199,0.04302182542539003,0.24310519826513968,0.0994813512177438,"{'activation': 'tanh', 'alpha': np.float64(1.0037328543185225e-05), 'hidden_layer_sizes': (1024, 192), 'learning_rate': 'adaptive', 'learning_rate_init': np.float64(0.00035525580769962595), 'max_iter': 259, 'solver': 'sgd'}",tanh,1.0037328543185225e-05,"(1024, 192)",adaptive,0.00035525580769962595,259,sgd
18,2,0.18314230935902762,0.05529890661806957,1.0,0.0,"{'activation': 'tanh', 'alpha': np.float64(0.0001636135990525737), 'hidden_layer_sizes': (512, 256), 'learning_rate': 'constant', 'learning_rate_init': np.float64(0.001039911991320466), 'max_iter': 615, 'solver': 'lbfgs'}",tanh,0.0001636135990525737,"(512, 256)",constant,0.001039911991320466,615,lbfgs
18,3,0.19386164453374966,0.0713885737645948,0.38181085085970246,0.11113618409776185,"{'activation': 'logistic', 'alpha': np.float64(0.013018462886582012), 'hidden_layer_sizes': (2048,), 'learning_rate': 'constant', 'learning_rate_init': np.float64(0.0002021345079969679), 'max_iter': 432, 'solver': 'adam'}",logistic,0.013018462886582012,"(2048,)",constant,0.0002021345079969679,432,adam
18,4,0.036053793751468166,0.01223032248009792,0.03325023369060678,0.0026476712789574703,"{'activation': 'logistic', 'alpha': np.float64(0.0018319164583425966), 'hidden_layer_sizes': (1024, 512, 128), 'learning_rate': 'constant', 'learning_rate_init': np.float64(0.004311751827069121), 'max_iter': 453, 'solver': 'sgd'}",logistic,0.0018319164583425966,"(1024, 512, 128)",constant,0.004311751827069121,453,sgd
19,0,0.0570540005887832,0.03028028796367682,0.11532840059878886,0.06097924424320085,"{'activation': 'tanh', 'alpha': np.float64(2.0052323140605058e-05), 'hidden_layer_sizes': (2048, 512, 256), 'learning_rate': 'adaptive', 'learning_rate_init': np.float64(0.030907836523067053), 'max_iter': 418, 'solver': 'adam'}",tanh,2.0052323140605058e-05,"(2048, 512, 256)",adaptive,0.030907836523067053,418,adam
19,1,0.4333851720175249,0.07427131283075558,0.9165400906891739,0.09616286735910454,"{'activation': 'relu', 'alpha': np.float64(2.1403339831745187e-05), 'hidden_layer_sizes': (1024, 128), 'learning_rate': 'constant', 'learning_rate_init': np.float64(0.06112721504505843), 'max_iter': 726, 'solver': 'sgd'}",relu,2.1403339831745187e-05,"(1024, 128)",constant,0.06112721504505843,726,sgd
19,2,0.34606668761235326,0.07053766118294975,0.8035894519037468,0.12005607325445493,"{'activation': 'relu', 'alpha': np.float64(0.009466239879636539), 'hidden_layer_sizes': (1024, 1024, 256), 'learning_rate': 'adaptive', 'learning_rate_init': np.float64(0.00754613152914292), 'max_iter': 485, 'solver': 'adam'}",relu,0.009466239879636539,"(1024, 1024, 256)",adaptive,0.00754613152914292,485,adam
19,3,0.47877986787893906,0.0825180599977027,1.0,0.0,"{'activation': 'relu', 'alpha': np.float64(0.0007556271990330614), 'hidden_layer_sizes': (1024, 128), 'learning_rate': 'constant', 'learning_rate_init': np.float64(0.04532056304203873), 'max_iter': 738, 'solver': 'lbfgs'}",relu,0.0007556271990330614,"(1024, 128)",constant,0.04532056304203873,738,lbfgs
19,4,0.23761116008174832,0.056764432936199365,1.0,0.0,"{'activation': 'logistic', 'alpha': np.float64(0.0004998800251309895), 'hidden_layer_sizes': (768, 512, 256), 'learning_rate': 'invscaling', 'learning_rate_init': np.float64(0.02272596323070137), 'max_iter': 574, 'solver': 'lbfgs'}",logistic,0.0004998800251309895,"(768, 512, 256)",invscaling,0.02272596323070137,574,lbfgs
20,0,0.4020976362818468,0.09226256991776302,0.8745026256395331,0.07727156263942375,"{'activation': 'relu', 'alpha': np.float64(0.0005276185930413213), 'hidden_layer_sizes': (128,), 'learning_rate': 'adaptive', 'learning_rate_init': np.float64(0.012602162763091328), 'max_iter': 615, 'solver': 'adam'}",relu,0.0005276185930413213,"(128,)",adaptive,0.012602162763091328,615,adam
20,1,0.1624392245181719,0.048051306972056625,0.5418353800387616,0.21510977891594768,"{'activation': 'tanh', 'alpha': np.float64(1.0865516720404488e-05), 'hidden_layer_sizes': (256,), 'learning_rate': 'adaptive', 'learning_rate_init': np.float64(0.0060568600556795684), 'max_iter': 249, 'solver': 'sgd'}",tanh,1.0865516720404488e-05,"(256,)",adaptive,0.0060568600556795684,249,sgd
20,2,0.47398705542823194,0.07024047335582649,1.0,0.0,"{'activation': 'relu', 'alpha': np.float64(0.000312762441299537), 'hidden_layer_sizes': (768, 256), 'learning_rate': 'adaptive', 'learning_rate_init': np.float64(0.0006404729642030356), 'max_iter': 586, 'solver': 'lbfgs'}",relu,0.000312762441299537,"(768, 256)",adaptive,0.0006404729642030356,586,lbfgs
20,3,0.08011827061827062,0.030622125638984088,0.13173977122400948,0.07789564893021372,"{'activation': 'relu', 'alpha': np.float64(0.08895556821710766), 'hidden_layer_sizes': (512, 512, 256), 'learning_rate': 'adaptive', 'learning_rate_init': np.float64(0.00014070502451427034), 'max_iter': 656, 'solver': 'sgd'}",relu,0.08895556821710766,"(512, 512, 256)",adaptive,0.00014070502451427034,656,sgd
20,4,0.10944879701145685,0.04713419876314542,0.48026824168412513,0.2526808981238109,"{'activation': 'tanh', 'alpha': np.float64(0.040524521407285366), 'hidden_layer_sizes': (1024, 1024, 256), 'learning_rate': 'constant', 'learning_rate_init': np.float64(0.004704247603123286), 'max_iter': 286, 'solver': 'adam'}",tanh,0.040524521407285366,"(1024, 1024, 256)",constant,0.004704247603123286,286,adam
21,0,0.2155651423739659,0.07861457324732905,1.0,0.0,"{'activation': 'logistic', 'alpha': np.float64(0.02781037186497802), 'hidden_layer_sizes': (1024, 512, 256), 'learning_rate': 'invscaling', 'learning_rate_init': np.float64(0.03477959697936883), 'max_iter': 338, 'solver': 'lbfgs'}",logistic,0.02781037186497802,"(1024, 512, 256)",invscaling,0.03477959697936883,338,lbfgs
21,1,0.07233043927002737,0.03155815820057141,0.12740840620065516,0.06567433352650329,"{'activation': 'tanh', 'alpha': np.float64(7.458050392239415e-05), 'hidden_layer_sizes': (512, 512, 256), 'learning_rate': 'constant', 'learning_rate_init': np.float64(0.040714520501912925), 'max_iter': 712, 'solver': 'adam'}",tanh,7.458050392239415e-05,"(512, 512, 256)",constant,0.040714520501912925,712,adam
21,2,0.1626487760605408,0.0495575826179767,0.6650609311158748,0.22638965366659886,"{'activation': 'tanh', 'alpha': np.float64(0.0020568253874361205), 'hidden_layer_sizes': (1024, 384), 'learning_rate': 'invscaling', 'learning_rate_init': np.float64(0.000561515524015066), 'max_iter': 217, 'solver': 'adam'}",tanh,0.0020568253874361205,"(1024, 384)",invscaling,0.000561515524015066,217,adam
21,3,0.5076702039790275,0.10352353082212254,1.0,0.0,"{'activation': 'relu', 'alpha': np.float64(0.07797105129481988), 'hidden_layer_sizes': (768, 512, 256), 'learning_rate': 'invscaling', 'learning_rate_init': np.float64(0.004193494869125644), 'max_iter': 527, 'solver': 'lbfgs'}",relu,0.07797105129481988,"(768, 512, 256)",invscaling,0.004193494869125644,527,lbfgs
21,4,0.4659511795394149,0.08860783435101852,0.9430978803142883,0.01843015791535856,"{'activation': 'relu', 'alpha': np.float64(0.06553564975516213), 'hidden_layer_sizes': (1024, 128), 'learning_rate': 'adaptive', 'learning_rate_init': np.float64(0.00026591997260398144), 'max_iter': 505, 'solver': 'adam'}",relu,0.06553564975516213,"(1024, 128)",adaptive,0.00026591997260398144,505,adam
22,0,0.16468096609273078,0.08935507168211697,0.7059821232695501,0.19524373363969685,"{'activation': 'tanh', 'alpha': np.float64(0.01967915858604063), 'hidden_layer_sizes': (768, 512, 256), 'learning_rate': 'adaptive', 'learning_rate_init': np.float64(0.006396465489736171), 'max_iter': 749, 'solver': 'adam'}",tanh,0.01967915858604063,"(768, 512, 256)",adaptive,0.006396465489736171,749,adam
22,1,0.47614813849720977,0.07321813717326003,1.0,0.0,"{'activation': 'relu', 'alpha': np.float64(0.0045386639199176855), 'hidden_layer_sizes': (2048, 256), 'learning_rate': 'adaptive', 'learning_rate_init': np.float64(0.00151188421468701), 'max_iter': 201, 'solver': 'lbfgs'}",relu,0.0045386639199176855,"(2048, 256)",adaptive,0.00151188421468701,201,lbfgs
22,2,0.1200063729315787,0.06738255619515038,0.253828641869195,0.208988780482332,"{'activation': 'logistic', 'alpha': np.float64(0.0101961160573487), 'hidden_layer_sizes': (2048, 512, 256), 'learning_rate': 'invscaling', 'learning_rate_init': np.float64(0.0006489278043709574), 'max_iter': 735, 'solver': 'adam'}",logistic,0.0101961160573487,"(2048, 512, 256)",invscaling,0.0006489278043709574,735,adam
22,3,0.4709547587775142,0.0708456111936539,0.9454614923510544,0.01100009750101848,"{'activation': 'relu', 'alpha': np.float64(0.0007610899021293753), 'hidden_layer_sizes': (1024, 512, 256), 'learning_rate': 'constant', 'learning_rate_init': np.float64(0.06507107631329194), 'max_iter': 631, 'solver': 'sgd'}",relu,0.0007610899021293753,"(1024, 512, 256)",constant,0.06507107631329194,631,sgd
22,4,0.033899159320211945,0.010714039321606925,0.03379601526559798,0.010311592041839202,"{'activation': 'logistic', 'alpha': np.float64(0.0005188680421247292), 'hidden_layer_sizes': (768, 256), 'learning_rate': 'constant', 'learning_rate_init': np.float64(0.0005301351948056143), 'max_iter': 533, 'solver': 'sgd'}",logistic,0.0005188680421247292,"(768, 256)",constant,0.0005301351948056143,533,sgd
23,0,0.03205379375146817,0.0012433912095008847,0.031947784032946694,0.0001691393909689946,"{'activation': 'logistic', 'alpha': np.float64(0.012223209657481568), 'hidden_layer_sizes': (1024, 512), 'learning_rate': 'invscaling', 'learning_rate_init': np.float64(0.002341882255673066), 'max_iter': 320, 'solver': 'sgd'}",logistic,0.012223209657481568,"(1024, 512)",invscaling,0.002341882255673066,320,sgd
23,1,0.036124500822175235,0.012203557602353162,0.03199644123095462,0.00015513758005639472,"{'activation': 'logistic', 'alpha': np.float64(6.811078759463069e-05), 'hidden_layer_sizes': (512, 512, 256), 'learning_rate': 'invscaling', 'learning_rate_init': np.float64(0.006283387663255014), 'max_iter': 602, 'solver': 'sgd'}",logistic,6.811078759463069e-05,"(512, 512, 256)",invscaling,0.006283387663255014,602,sgd
23,2,0.031178932178932174,0.0027480904550985486,0.03141761380194673,0.0016927176638605363,"{'activation': 'logistic', 'alpha': np.float64(1.916438190724164e-05), 'hidden_layer_sizes': (768, 512, 256), 'learning_rate': 'constant', 'learning_rate_init': np.float64(0.02019121105917452), 'max_iter': 791, 'solver': 'sgd'}",logistic,1.916438190724164e-05,"(768, 512, 256)",constant,0.02019121105917452,791,sgd
23,3,0.06018651164049602,0.030404665968387635,0.11429308094095644,0.05033339132537725,"{'activation': 'tanh', 'alpha': np.float64(0.0002128573882239237), 'hidden_layer_sizes': (1024, 512, 128), 'learning_rate': 'invscaling', 'learning_rate_init': np.float64(0.06652960098104377), 'max_iter': 270, 'solver': 'adam'}",tanh,0.0002128573882239237,"(1024, 512, 128)",invscaling,0.06652960098104377,270,adam
23,4,0.09315936514465926,0.05236425698509385,0.2759205405645356,0.12933442224935843,"{'activation': 'tanh', 'alpha': np.float64(2.7823216589317436e-05), 'hidden_layer_sizes': (256,), 'learning_rate': 'invscaling', 'learning_rate_init': np.float64(0.05460376215086863), 'max_iter': 533, 'solver': 'adam'}",tanh,2.7823216589317436e-05,"(256,)",invscaling,0.05460376215086863,533,adam
24,0,0.4042578255078254,0.12125851245893757,0.8877941695667619,0.09121312434766295,"{'activation': 'relu', 'alpha': np.float64(0.0015936534012944014), 'hidden_layer_sizes': (512, 256), 'learning_rate': 'invscaling', 'learning_rate_init': np.float64(0.00013909021944768376), 'max_iter': 613, 'solver': 'adam'}",relu,0.0015936534012944014,"(512, 256)",invscaling,0.00013909021944768376,613,adam
24,1,0.4978349594162288,0.06257250057376702,1.0,0.0,"{'activation': 'relu', 'alpha': np.float64(0.07822986756890074), 'hidden_layer_sizes': (1024, 512, 128), 'learning_rate': 'adaptive', 'learning_rate_init': np.float64(0.00019073489259680278), 'max_iter': 470, 'solver': 'lbfgs'}",relu,0.07822986756890074,"(1024, 512, 128)",adaptive,0.00019073489259680278,470,lbfgs
24,2,0.2207033826446021,0.08409186325700022,0.5789462586887595,0.2350263074507113,"{'activation': 'logistic', 'alpha': np.float64(8.067583385788215e-05), 'hidden_layer_sizes': (768, 256), 'learning_rate': 'adaptive', 'learning_rate_init': np.float64(0.005106362602998661), 'max_iter': 384, 'solver': 'adam'}",logistic,8.067583385788215e-05,"(768, 256)",adaptive,0.005106362602998661,384,adam
24,3,0.4468634610143899,0.11039828895615257,0.9477941455551123,0.02276625087304036,"{'activation': 'relu', 'alpha': np.float64(0.0002489164218494399), 'hidden_layer_sizes': (512, 256), 'learning_rate': 'constant', 'learning_rate_init': np.float64(0.040702118652278976), 'max_iter': 532, 'solver': 'sgd'}",relu,0.0002489164218494399,"(512, 256)",constant,0.040702118652278976,532,sgd
24,4,0.10151081924611335,0.048889534337240685,0.20444987736451284,0.045754083300024256,"{'activation': 'tanh', 'alpha': np.float64(0.0014898063675919885), 'hidden_layer_sizes': (1024, 128), 'learning_rate': 'invscaling', 'learning_rate_init': np.float64(0.0032739666594173342), 'max_iter': 310, 'solver': 'sgd'}",tanh,0.0014898063675919885,"(1024, 128)",invscaling,0.0032739666594173342,310,sgd
25,0,0.028792355120772595,0.003951133215369928,0.033899069836857615,0.015767353248975415,"{'activation': 'logistic', 'alpha': np.float64(0.003632470945701047), 'hidden_layer_sizes': (2048, 256), 'learning_rate': 'invscaling', 'learning_rate_init': np.float64(0.03003160919696051), 'max_iter': 343, 'solver': 'adam'}",logistic,0.003632470945701047,"(2048, 256)",invscaling,0.03003160919696051,343,adam
25,1,0.10028624153624152,0.04169090839722044,0.11812287258242844,0.010502297097684936,"{'activation': 'tanh', 'alpha': np.float64(0.0008695789397815752), 'hidden_layer_sizes': (1024, 512, 128), 'learning_rate': 'invscaling', 'learning_rate_init': np.float64(0.0014454533563519878), 'max_iter': 701, 'solver': 'sgd'}",tanh,0.0008695789397815752,"(1024, 512, 128)",invscaling,0.0014454533563519878,701,sgd
25,2,0.1847984129397173,0.049939906455144095,1.0,0.0,"{'activation': 'tanh', 'alpha': np.float64(0.0857061644150181), 'hidden_layer_sizes': (1024, 512, 256), 'learning_rate': 'constant', 'learning_rate_init': np.float64(0.0005775983769912368), 'max_iter': 479, 'solver': 'lbfgs'}",tanh,0.0857061644150181,"(1024, 512, 256)",constant,0.0005775983769912368,479,lbfgs
25,3,0.1847614096429886,0.06205275012829919,0.5335968681908666,0.15836921753351718,"{'activation': 'logistic', 'alpha': np.float64(1.9905084461677795e-05), 'hidden_layer_sizes': (1024, 512), 'learning_rate': 'adaptive', 'learning_rate_init': np.float64(0.0014224368758725115), 'max_iter': 301, 'solver': 'adam'}",logistic,1.9905084461677795e-05,"(1024, 512)",adaptive,0.0014224368758725115,301,adam
25,4,0.1230680153180153,0.03693062984561644,0.3161455869167731,0.1181359066730636,"{'activation': 'tanh', 'alpha': np.float64(8.330945380587962e-05), 'hidden_layer_sizes': (2048,), 'learning_rate': 'constant', 'learning_rate_init': np.float64(0.0012260663366565835), 'max_iter': 238, 'solver': 'sgd'}",tanh,8.330945380587962e-05,"(2048,)",constant,0.0012260663366565835,238,sgd
26,0,0.43699520113529394,0.08351861818265886,0.9383369522671356,0.018505738221766325,"{'activation': 'relu', 'alpha': np.float64(3.3709704538507204e-05), 'hidden_layer_sizes': (2048, 512, 256), 'learning_rate': 'adaptive', 'learning_rate_init': np.float64(0.00012531115603157838), 'max_iter': 505, 'solver': 'adam'}",relu,3.3709704538507204e-05,"(2048, 512, 256)",adaptive,0.00012531115603157838,505,adam
26,1,0.22505344973224228,0.059115648444652315,1.0,0.0,"{'activation': 'logistic', 'alpha': np.float64(0.001032074934296057), 'hidden_layer_sizes': (1024, 512, 128), 'learning_rate': 'adaptive', 'learning_rate_init': np.float64(0.06659618324958828), 'max_iter': 636, 'solver': 'lbfgs'}",logistic,0.001032074934296057,"(1024, 512, 128)",adaptive,0.06659618324958828,636,lbfgs
26,2,0.050573095606377336,0.02325830891380151,0.06669848335681733,0.04366004745772284,"{'activation': 'logistic', 'alpha': np.float64(1.7593488278722748e-05), 'hidden_layer_sizes': (512, 512, 256), 'learning_rate': 'constant', 'learning_rate_init': np.float64(0.010254076102325463), 'max_iter': 763, 'solver': 'adam'}",logistic,1.7593488278722748e-05,"(512, 512, 256)",constant,0.010254076102325463,763,adam
26,3,0.10919753689349194,0.06520930384652718,0.3917054930187975,0.14640049700112764,"{'activation': 'tanh', 'alpha': np.float64(0.07181453271429276), 'hidden_layer_sizes': (512, 256), 'learning_rate': 'adaptive', 'learning_rate_init': np.float64(0.014011065845864763), 'max_iter': 619, 'solver': 'adam'}",tanh,0.07181453271429276,"(512, 256)",adaptive,0.014011065845864763,619,adam
26,4,0.0488978082117401,0.027639342085687385,0.14153370684671504,0.03979298211021354,"{'activation': 'tanh', 'alpha': np.float64(0.02184411725770981), 'hidden_layer_sizes': (1024, 256), 'learning_rate': 'adaptive', 'learning_rate_init': np.float64(0.09076849592944493), 'max_iter': 684, 'solver': 'adam'}",tanh,0.02184411725770981,"(1024, 256)",adaptive,0.09076849592944493,684,adam
27,0,0.03489855493769277,0.006132890935130263,0.0379107744258785,0.008510589811399672,"{'activation': 'logistic', 'alpha': np.float64(0.003894646414191286), 'hidden_layer_sizes': (2048, 256), 'learning_rate': 'adaptive', 'learning_rate_init': np.float64(0.001542496972130319), 'max_iter': 534, 'solver': 'sgd'}",logistic,0.003894646414191286,"(2048, 256)",adaptive,0.001542496972130319,534,sgd
27,1,0.03351768921819971,0.014720119224779525,0.03065504365616296,0.008178862449885749,"{'activation': 'logistic', 'alpha': np.float64(1.4710387028958186e-05), 'hidden_layer_sizes': (512, 256, 128), 'learning_rate': 'adaptive', 'learning_rate_init': np.float64(0.0005974528192534109), 'max_iter': 211, 'solver': 'sgd'}",logistic,1.4710387028958186e-05,"(512, 256, 128)",adaptive,0.0005974528192534109,211,sgd
27,2,0.19827910018998945,0.08926414558765626,0.469622488899575,0.23292785978349498,"{'activation': 'logistic', 'alpha': np.float64(0.005862456646093563), 'hidden_layer_sizes': (1024, 128), 'learning_rate': 'adaptive', 'learning_rate_init': np.float64(0.0066248851903483825), 'max_iter': 739, 'solver': 'adam'}",logistic,0.005862456646093563,"(1024, 128)",adaptive,0.0066248851903483825,739,adam
27,3,0.12346118260824142,0.05569565833403701,0.6016924469068795,0.16033296815469295,"{'activation': 'tanh', 'alpha': np.float64(2.601621764990699e-05), 'hidden_layer_sizes': (128,), 'learning_rate': 'invscaling', 'learning_rate_init': np.float64(0.01975648064961261), 'max_iter': 365, 'solver': 'adam'}",tanh,2.601621764990699e-05,"(128,)",invscaling,0.01975648064961261,365,adam
27,4,0.03449535219302661,0.012937818211326143,0.033128746865071404,0.002957477635806623,"{'activation': 'logistic', 'alpha': np.float64(0.022753679413003672), 'hidden_layer_sizes': (768, 256), 'learning_rate': 'invscaling', 'learning_rate_init': np.float64(0.010252783508772442), 'max_iter': 594, 'solver': 'sgd'}",logistic,0.022753679413003672,"(768, 256)",invscaling,0.010252783508772442,594,sgd
28,0,0.19547101582627896,0.05730243282124385,0.8787114493385282,0.077377806578725,"{'activation': 'tanh', 'alpha': np.float64(0.0010627196604896746), 'hidden_layer_sizes': (512, 512, 256), 'learning_rate': 'constant', 'learning_rate_init': np.float64(0.0003569671382347047), 'max_iter': 231, 'solver': 'adam'}",tanh,0.0010627196604896746,"(512, 512, 256)",constant,0.0003569671382347047,231,adam
28,1,0.07830902430902431,0.04778568041554165,0.10491631532748044,0.010219055099357763,"{'activation': 'tanh', 'alpha': np.float64(0.0021761392891173053), 'hidden_layer_sizes': (1024, 128), 'learning_rate': 'invscaling', 'learning_rate_init': np.float64(0.00093813746826435), 'max_iter': 295, 'solver': 'sgd'}",tanh,0.0021761392891173053,"(1024, 128)",invscaling,0.00093813746826435,295,sgd
28,2,0.15647055466002466,0.07299265290053661,0.4057515014960623,0.1779613240491272,"{'activation': 'relu', 'alpha': np.float64(0.030273309996594968), 'hidden_layer_sizes': (2048, 512, 256), 'learning_rate': 'invscaling', 'learning_rate_init': np.float64(0.009647986064279235), 'max_iter': 274, 'solver': 'sgd'}",relu,0.030273309996594968,"(2048, 512, 256)",invscaling,0.009647986064279235,274,sgd
28,3,0.47536456508747527,0.048971658787284975,1.0,0.0,"{'activation': 'relu', 'alpha': np.float64(0.00011617540708810749), 'hidden_layer_sizes': (1024, 512, 128), 'learning_rate': 'constant', 'learning_rate_init': np.float64(0.010644257525429513), 'max_iter': 295, 'solver': 'lbfgs'}",relu,0.00011617540708810749,"(1024, 512, 128)",constant,0.010644257525429513,295,lbfgs
28,4,0.1693122008710244,0.06603311518625274,0.8005420208687294,0.15509310733069362,"{'activation': 'tanh', 'alpha': np.float64(0.000728789465886316), 'hidden_layer_sizes': (2048,), 'learning_rate': 'adaptive', 'learning_rate_init': np.float64(0.03969668013625947), 'max_iter': 235, 'solver': 'sgd'}",tanh,0.000728789465886316,"(2048,)",adaptive,0.03969668013625947,235,sgd
29,0,0.16565162708297718,0.04641170652771864,0.45071784254672015,0.0842729249308474,"{'activation': 'logistic', 'alpha': np.float64(4.8463129162134106e-05), 'hidden_layer_sizes': (128,), 'learning_rate': 'adaptive', 'learning_rate_init': np.float64(0.000804597205931993), 'max_iter': 460, 'solver': 'adam'}",logistic,4.8463129162134106e-05,"(128,)",adaptive,0.000804597205931993,460,adam
29,1,0.1791005093118096,0.035601219947898166,1.0,0.0,"{'activation': 'tanh', 'alpha': np.float64(0.03133911015853786), 'hidden_layer_sizes': (128,), 'learning_rate': 'adaptive', 'learning_rate_init': np.float64(0.0038634705878819436), 'max_iter': 701, 'solver': 'lbfgs'}",tanh,0.03133911015853786,"(128,)",adaptive,0.0038634705878819436,701,lbfgs
29,2,0.17397229430356365,0.06113752299292517,1.0,0.0,"{'activation': 'tanh', 'alpha': np.float64(0.03342662427169634), 'hidden_layer_sizes': (2048, 256), 'learning_rate': 'constant', 'learning_rate_init': np.float64(0.0010533679264335164), 'max_iter': 790, 'solver': 'lbfgs'}",tanh,0.03342662427169634,"(2048, 256)",constant,0.0010533679264335164,790,lbfgs
29,3,0.012044090056285178,0.002191742974844702,0.012090098106909575,0.0002456114104444663,"{'activation': 'logistic', 'alpha': np.float64(7.498676655911319e-05), 'hidden_layer_sizes': (512, 512, 256), 'learning_rate': 'constant', 'learning_rate_init': np.float64(0.00015610845751576677), 'max_iter': 503, 'solver': 'sgd'}",logistic,7.498676655911319e-05,"(512, 512, 256)",constant,0.00015610845751576677,503,sgd
29,4,0.12378898878898878,0.05663875669180761,0.3225257601673729,0.08446306329686118,"{'activation': 'tanh', 'alpha': np.float64(7.16659857036822e-05), 'hidden_layer_sizes': (128,), 'learning_rate': 'adaptive', 'learning_rate_init': np.float64(0.0007399919802243329), 'max_iter': 576, 'solver': 'sgd'}",tanh,7.16659857036822e-05,"(128,)",adaptive,0.0007399919802243329,576,sgd
